time,g avg,g high,g low,°C avg,°C high,°C low,sample qty,rssi avg,rssi high,rssi low
12/15/2020  12:00:00 AM,0.039,0.052,0.022,25,25,25,30,-62,-58,-65.5
12/14/2020  11:00:00 PM,0.036,0.046,0.018,25,25,25,30,-62,-57,-65
12/14/2020  10:00:00 PM,0.039,0.052,0.022,25,25,25,30,-62,-55,-64.5
12/14/2020  9:00:00 PM,0.321,4.676,0.023,25,25,25,327,-63,-54,-70.5
12/14/2020  8:00:00 PM,0.272,4.497,0.025,25,26,25,182,-62,-54,-69
12/14/2020  7:00:00 PM,0.343,3.703,0.025,25,25,25,417,-62,-54.5,-75
12/14/2020  6:00:00 PM,0.384,4.687,0.026,25,25,25,327,-62,-53.5,-66.5
12/14/2020  5:00:00 PM,0.316,3.95,0.023,25,26,25,299,-62,-54,-66.5
12/14/2020  4:00:00 PM,0.322,3.51,0.021,25,25,25,217,-62,-53,-66.5
12/14/2020  3:00:00 PM,0.315,3.658,0.02,25,25,25,267,-62,-54,-78
12/14/2020  2:00:00 PM,0.335,4.24,0.028,25,25,25,207,-62,-55,-67
12/14/2020  1:00:00 PM,0.315,3.407,0.025,25,26,25,353,-62,-53,-67
12/14/2020  11:00:00 AM,0.365,4.148,0.028,25,25,25,247,-62,-54,-65.5
12/14/2020  10:00:00 AM,0.037,0.05,0.023,25,25,25,30,-62,-56,-65
12/14/2020  9:00:00 AM,0.038,0.052,0.025,25,26,24,30,-61,-54.5,-64
12/14/2020  8:00:00 AM,0.039,0.055,0.026,25,26,25,30,-60,-55,-64.5
12/14/2020  7:00:00 AM,0.038,0.05,0.026,26,26,26,29,-62,-55.5,-64
12/14/2020  6:00:00 AM,0.036,0.047,0.026,26,26,25,30,-60,-53.5,-65.5
12/14/2020  5:00:00 AM,0.038,0.052,0.021,26,26,25,30,-61,-51.5,-65
12/14/2020  4:00:00 AM,0.038,0.057,0.022,25,26,25,30,-62,-54.5,-65
12/14/2020  3:00:00 AM,0.036,0.052,0.025,25,26,25,30,-61,-53.5,-64
12/14/2020  2:00:00 AM,0.038,0.05,0.026,25,26,25,30,-62,-54.5,-65
12/14/2020  1:00:00 AM,0.038,0.047,0.025,25,25,25,30,-61,-56,-65.5
12/14/2020  12:00:00 AM,0.038,0.06,0.027,25,25,25,30,-62,-54,-64.5
12/13/2020  11:00:00 PM,0.037,0.05,0.021,25,25,25,30,-62,-54,-65.5
12/13/2020  10:00:00 PM,0.353,4.232,0.021,25,25,25,280,-62,-52,-65.5
12/13/2020  9:00:00 PM,0.336,4.472,0.023,25,25,25,517,-62,-51.5,-134
12/13/2020  8:00:00 PM,0.358,4.662,0.015,25,25,25,430,-62,-52,-73
12/13/2020  7:00:00 PM,0.248,3.175,0.026,25,25,25,137,-62,-52,-67
12/13/2020  6:00:00 PM,0.285,3.221,0.023,25,25,24,187,-63,-54,-66.5
12/13/2020  5:00:00 PM,0.313,4.825,0.025,25,25,25,421,-62,-52.5,-69
12/13/2020  4:00:00 PM,0.375,6.915,0.031,25,25,24,635,-63,-53.5,-68
12/13/2020  3:00:00 PM,0.393,3.718,0.022,25,25,23,602,-63,-55,-69
12/13/2020  2:00:00 PM,0.291,2.065,0.025,24,25,23,228,-62,-54.5,-65.5
12/13/2020  1:00:00 PM,0.302,3.905,0.021,24,25,24,173,-62,-53.5,-65.5
12/13/2020  12:00:00 PM,0.383,8.49,0.018,25,25,24,519,-61,-53,-70.5
12/13/2020  11:00:00 AM,0.385,3.798,0.02,24,25,24,359,-62,-51.5,-68
12/13/2020  10:00:00 AM,0.037,0.048,0.022,25,25,25,30,-62,-56.5,-66
12/13/2020  9:00:00 AM,0.037,0.061,0.018,25,25,25,30,-61,-57,-64
12/13/2020  8:00:00 AM,0.036,0.05,0.023,25,25,25,30,-61,-54.5,-64
12/13/2020  7:00:00 AM,0.037,0.053,0.022,25,26,25,28,-62,-56.5,-64.5
12/13/2020  6:00:00 AM,0.037,0.057,0.025,25,25,25,30,-62,-55,-65
12/13/2020  5:00:00 AM,0.038,0.05,0.028,25,26,25,30,-61,-53.5,-64.5
12/13/2020  4:00:00 AM,0.036,0.051,0.023,25,26,25,27,-61,-57.5,-65
12/13/2020  3:00:00 AM,0.037,0.047,0.021,25,26,25,28,-61,-53.5,-66
12/13/2020  2:00:00 AM,0.037,0.052,0.026,25,26,25,27,-61,-54.5,-65
12/13/2020  1:00:00 AM,0.035,0.051,0.022,25,26,25,30,-62,-57,-64.5
12/13/2020  12:00:00 AM,0.037,0.058,0.026,25,26,25,30,-62,-56,-64
12/12/2020  11:00:00 PM,0.036,0.048,0.023,25,26,25,29,-61,-56,-65.5
12/12/2020  10:00:00 PM,0.039,0.058,0.026,25,26,25,30,-62,-56,-65.5
12/12/2020  9:00:00 PM,0.261,4.662,0.025,25,26,25,100,-60,-51,-65
12/12/2020  8:00:00 PM,0.278,5.005,0.027,25,25,25,297,-61,-52.5,-65
12/12/2020  7:00:00 PM,0.337,4.983,0.028,25,25,25,371,-61,-55.5,-65
12/12/2020  6:00:00 PM,0.325,3.552,0.022,25,25,25,506,-62,-53,-71
12/12/2020  5:00:00 PM,0.359,5.026,0.016,25,25,25,584,-61,-52.5,-70
12/12/2020  4:00:00 PM,0.336,3.105,0.021,25,25,25,475,-61,-52,-66
12/12/2020  3:00:00 PM,0.356,6.261,0.02,25,25,24,314,-62,-53.5,-72
12/12/2020  2:00:00 PM,0.32,3.368,0.023,24,25,24,351,-62,-52.5,-68
12/12/2020  1:00:00 PM,0.341,5.422,0.021,25,25,24,365,-62,-52.5,-67.5
12/12/2020  12:00:00 PM,0.369,4.06,0.027,25,25,24,636,-62,-51.5,-67.5
12/12/2020  11:00:00 AM,0.374,3.488,0.021,25,25,25,303,-62,-53.5,-66.5
12/12/2020  10:00:00 AM,0.038,0.061,0.026,25,25,25,30,-62,-54.5,-65.5
12/12/2020  9:00:00 AM,0.038,0.048,0.021,25,25,25,29,-62,-56,-66.5
12/12/2020  8:00:00 AM,0.037,0.053,0.023,25,25,25,30,-62,-55,-65.5
12/12/2020  7:00:00 AM,0.038,0.06,0.022,25,25,25,30,-62,-55,-66.5
12/12/2020  6:00:00 AM,0.038,0.055,0.022,25,26,25,30,-63,-56.5,-66.5
12/12/2020  5:00:00 AM,0.037,0.051,0.025,25,26,25,30,-63,-57,-66.5
12/12/2020  4:00:00 AM,0.038,0.05,0.02,25,26,25,29,-62,-58,-66
12/12/2020  3:00:00 AM,0.039,0.051,0.03,25,26,25,30,-62,-55.5,-66
12/12/2020  2:00:00 AM,0.038,0.062,0.027,25,26,25,27,-63,-56,-66.5
12/12/2020  1:00:00 AM,0.038,0.056,0.027,26,26,25,27,-62,-55,-65.5
12/12/2020  12:00:00 AM,0.038,0.076,0.025,26,26,25,29,-62,-57,-66.5
12/11/2020  11:00:00 PM,0.038,0.052,0.025,25,26,25,28,-62,-57,-65.5
12/11/2020  10:00:00 PM,0.036,0.047,0.025,25,26,25,30,-62,-57,-66
12/11/2020  9:00:00 PM,0.038,0.051,0.027,25,25,25,30,-61,-54.5,-65
12/11/2020  8:00:00 PM,0.344,5.972,0.027,25,25,25,142,-62,-55,-68.5
12/11/2020  7:00:00 PM,0.219,2.523,0.018,25,25,25,155,-62,-54.5,-66.5
12/11/2020  6:00:00 PM,0.329,6.587,0.021,25,25,25,211,-62,-53,-66
12/11/2020  5:00:00 PM,0.333,3.961,0.023,25,25,24,159,-61,-53,-66.5
12/11/2020  4:00:00 PM,0.365,3.857,0.025,25,25,24,542,-62,-52.5,-74
12/11/2020  3:00:00 PM,0.384,4.183,0.025,25,25,24,370,-62,-53,-66.5
12/11/2020  2:00:00 PM,0.372,4.645,0.017,23,24,22,312,-61,-52.5,-67
12/11/2020  1:00:00 PM,0.306,5.132,0.027,23,25,22,275,-61,-51,-67
12/11/2020  12:00:00 PM,0.402,5.65,0.028,25,25,25,489,-61,-52,-69.5
12/11/2020  11:00:00 AM,0.377,4.161,0.03,25,25,25,292,-61,-54,-66
12/11/2020  10:00:00 AM,0.036,0.048,0.026,25,25,25,30,-60,-54.5,-64
12/11/2020  9:00:00 AM,0.037,0.053,0.022,25,25,24,30,-60,-54.5,-64.5
12/11/2020  8:00:00 AM,0.041,0.056,0.028,24,24,23,30,-61,-53.5,-63.5
12/11/2020  7:00:00 AM,0.038,0.048,0.028,25,25,24,30,-60,-53.5,-65
12/11/2020  6:00:00 AM,0.038,0.053,0.023,25,25,25,30,-61,-50,-64
12/11/2020  5:00:00 AM,0.036,0.053,0.021,25,25,25,30,-60,-56,-64.5
12/11/2020  4:00:00 AM,0.037,0.05,0.027,25,26,25,30,-60,-54,-64
12/11/2020  3:00:00 AM,0.038,0.057,0.025,25,26,25,30,-61,-55,-64.5
12/11/2020  2:00:00 AM,0.039,0.056,0.026,25,26,25,30,-61,-54.5,-65
12/11/2020  1:00:00 AM,0.039,0.055,0.026,26,26,25,30,-60,-55.5,-64
12/11/2020  12:00:00 AM,0.037,0.046,0.027,26,26,25,29,-61,-53.5,-65
12/10/2020  11:00:00 PM,0.035,0.05,0.017,26,26,25,30,-60,-53.5,-64.5
12/10/2020  10:00:00 PM,0.035,0.05,0.023,25,26,25,30,-61,-56,-65
12/10/2020  9:00:00 PM,0.371,4.53,0.021,25,25,25,248,-61,-52,-65.5
12/10/2020  8:00:00 PM,0.424,9.155,0.022,25,25,25,330,-61,-52.5,-65.5
12/10/2020  7:00:00 PM,0.052,0.481,0.023,25,25,25,32,-60,-55,-63.5
12/10/2020  6:00:00 PM,0.436,5.512,0.023,25,25,25,370,-61,-53,-64.5
12/10/2020  5:00:00 PM,0.234,3.071,0.032,25,25,25,47,-61,-54.5,-68.5
12/10/2020  4:00:00 PM,0.086,1.082,0.022,25,26,25,34,-61,-52.5,-67
12/10/2020  3:00:00 PM,0.26,2.323,0.022,25,26,25,140,-60,-54,-64
12/10/2020  2:00:00 PM,0.296,8.033,0.021,26,26,25,395,-60,-53,-71.5
12/10/2020  1:00:00 PM,0.137,0.841,0.025,25,25,24,53,-59,-53.5,-63.5
12/10/2020  12:00:00 PM,0.264,3.476,0.025,24,25,24,221,-60,-53,-70
12/10/2020  11:00:00 AM,0.136,1.15,0.025,25,26,25,68,-60,-50.5,-65
12/10/2020  10:00:00 AM,0.061,0.621,0.023,26,26,25,32,-61,-54,-65.5
12/10/2020  9:00:00 AM,0.062,0.722,0.023,26,26,25,31,-61,-53,-65
12/10/2020  8:00:00 AM,0.039,0.058,0.028,26,26,25,29,-61,-52.5,-64.5
12/10/2020  7:00:00 AM,0.036,0.053,0.027,26,26,25,28,-60,-52.5,-63.5
12/10/2020  6:00:00 AM,0.036,0.045,0.025,26,26,25,29,-60,-54,-63
12/10/2020  5:00:00 AM,0.037,0.051,0.017,25,26,25,29,-60,-53,-64
12/10/2020  4:00:00 AM,0.039,0.057,0.027,25,26,25,30,-61,-52.5,-64
12/10/2020  3:00:00 AM,0.041,0.061,0.03,25,26,25,27,-61,-53,-65
12/10/2020  2:00:00 AM,0.04,0.056,0.031,25,26,25,29,-60,-52.5,-63.5
12/10/2020  1:00:00 AM,0.035,0.046,0.015,26,26,25,30,-61,-54,-64
12/10/2020  12:00:00 AM,0.037,0.053,0.017,25,26,25,30,-60,-52,-64.5
12/9/2020  11:00:00 PM,0.038,0.052,0.022,25,26,25,30,-60,-55,-64
12/9/2020  10:00:00 PM,0.038,0.058,0.023,26,26,25,30,-60,-53,-64
12/9/2020  9:00:00 PM,0.259,2.438,0.023,25,26,25,131,-60,-52,-68.5
12/9/2020  8:00:00 PM,0.2,3.485,0.028,25,26,25,44,-61,-55.5,-64
12/9/2020  7:00:00 PM,0.298,2.483,0.028,26,26,25,335,-60,-53,-66
12/9/2020  6:00:00 PM,0.272,2.788,0.018,25,26,25,302,-60,-52.5,-65.5
12/9/2020  5:00:00 PM,0.283,3.363,0.026,25,26,25,414,-60,-52,-65.5
12/9/2020  4:00:00 PM,0.315,4.248,0.025,25,26,25,194,-60,-52.5,-65
12/9/2020  3:00:00 PM,0.298,4.166,0.023,25,25,24,242,-59,-49.5,-63.5
12/9/2020  2:00:00 PM,0.291,3.408,0.023,24,25,24,247,-59,-50.5,-67
12/9/2020  1:00:00 PM,0.37,4.432,0.022,25,25,24,451,-59,-51,-64.5
12/9/2020  12:00:00 PM,0.361,4.2,0.026,25,25,24,417,-59,-50.5,-70.5
12/9/2020  11:00:00 AM,0.193,3.151,0.027,25,26,25,77,-59,-51,-68
12/9/2020  10:00:00 AM,0.038,0.048,0.018,25,26,25,29,-58,-51,-63
12/9/2020  9:00:00 AM,0.066,0.526,0.023,25,26,25,34,-59,-54,-63
12/9/2020  8:00:00 AM,0.038,0.053,0.025,25,25,25,29,-59,-52,-61.5
12/9/2020  7:00:00 AM,0.062,0.628,0.02,25,25,25,32,-60,-54,-63
12/9/2020  6:00:00 AM,0.038,0.055,0.025,25,26,25,30,-59,-53.5,-63
12/9/2020  5:00:00 AM,0.037,0.045,0.025,26,26,25,30,-59,-52.5,-63
12/9/2020  4:00:00 AM,0.041,0.068,0.026,26,26,25,30,-59,-52.5,-62
12/9/2020  3:00:00 AM,0.037,0.047,0.025,26,26,25,30,-59,-54,-62.5
12/9/2020  2:00:00 AM,0.041,0.056,0.025,26,26,26,30,-59,-55.5,-62
12/9/2020  1:00:00 AM,0.036,0.048,0.022,26,26,25,30,-60,-55,-62.5
12/9/2020  12:00:00 AM,0.037,0.056,0.028,26,26,25,30,-59,-52,-63
12/8/2020  11:00:00 PM,0.036,0.051,0.017,26,26,25,30,-59,-54,-62
12/8/2020  10:00:00 PM,0.178,1.471,0.028,26,26,25,87,-59,-55,-62.5
12/8/2020  9:00:00 PM,0.04,0.06,0.027,25,26,25,30,-59,-54.5,-62
12/8/2020  8:00:00 PM,0.294,2.491,0.02,25,26,25,137,-59,-52,-71
12/8/2020  7:00:00 PM,0.035,0.047,0.021,25,25,25,30,-59,-54,-64
12/8/2020  6:00:00 PM,0.291,3.443,0.027,25,26,25,378,-59,-51.5,-62.5
12/8/2020  5:00:00 PM,0.29,3.922,0.025,26,26,25,206,-59,-51,-64.5
12/8/2020  4:00:00 PM,0.037,0.047,0.025,26,26,26,30,-59,-53.5,-62.5
12/8/2020  3:00:00 PM,0.352,6.145,0.026,26,26,25,491,-59,-50.5,-63.5
12/8/2020  2:00:00 PM,0.339,4.117,0.03,26,26,25,227,-58,-50,-62.5
12/8/2020  1:00:00 PM,0.32,3.326,0.027,26,26,25,332,-59,-51.5,-69.5
12/8/2020  12:00:00 PM,0.361,3.832,0.021,25,26,25,522,-58,-50,-64.5
12/8/2020  11:00:00 AM,0.332,4.052,0.025,25,26,25,235,-59,-51.5,-61.5
12/8/2020  10:00:00 AM,0.087,0.573,0.023,25,25,25,44,-59,-52.5,-62.5
12/8/2020  9:00:00 AM,0.039,0.055,0.02,25,25,25,30,-59,-51,-63
12/8/2020  8:00:00 AM,0.039,0.052,0.026,25,25,24,30,-59,-51.5,-63
12/8/2020  7:00:00 AM,0.036,0.055,0.02,25,25,25,29,-59,-53,-62
12/8/2020  6:00:00 AM,0.041,0.051,0.027,25,25,25,30,-60,-55,-62
12/8/2020  5:00:00 AM,0.038,0.052,0.02,25,25,25,30,-59,-51.5,-62
12/8/2020  4:00:00 AM,0.037,0.062,0.023,25,26,25,30,-60,-53,-62
12/8/2020  3:00:00 AM,0.039,0.056,0.022,25,25,25,30,-59,-51.5,-61.5
12/8/2020  2:00:00 AM,0.039,0.057,0.028,25,25,25,30,-60,-53.5,-62
12/8/2020  1:00:00 AM,0.037,0.053,0.023,25,26,25,30,-59,-52,-62
12/8/2020  12:00:00 AM,0.037,0.051,0.025,25,26,25,30,-60,-54.5,-64
12/7/2020  11:00:00 PM,0.039,0.055,0.022,25,25,25,30,-58,-53.5,-61.5
12/7/2020  10:00:00 PM,0.037,0.051,0.023,25,25,25,29,-58,-52.5,-61.5
12/7/2020  9:00:00 PM,0.038,0.05,0.027,25,25,25,30,-59,-52.5,-62
12/7/2020  8:00:00 PM,0.266,2.15,0.02,25,25,25,80,-60,-52.5,-63.5
12/7/2020  7:00:00 PM,0.407,6.622,0.026,25,25,25,265,-59,-49.5,-65
12/7/2020  6:00:00 PM,0.376,6.517,0.025,25,26,25,368,-59,-51.5,-66
12/7/2020  5:00:00 PM,0.292,2.993,0.016,26,26,26,279,-59,-50.5,-63
12/7/2020  4:00:00 PM,0.325,4.101,0.023,26,26,26,595,-59,-49.5,-66
12/7/2020  3:00:00 PM,0.301,2.738,0.026,26,26,25,528,-59,-48,-71
12/7/2020  2:00:00 PM,0.358,4.752,0.025,25,26,25,449,-59,-51,-68.5
12/7/2020  1:00:00 PM,0.331,5.423,0.021,26,26,25,480,-59,-51,-66.5
12/7/2020  12:00:00 PM,0.328,4.075,0.026,26,26,25,162,-60,-52.5,-69.5
12/7/2020  11:00:00 AM,0.211,3.716,0.018,26,26,25,48,-59,-53.5,-63.5
12/7/2020  10:00:00 AM,0.094,0.567,0.022,26,26,25,41,-59,-54.5,-63
12/7/2020  9:00:00 AM,0.036,0.048,0.016,25,26,25,30,-59,-53.5,-61.5
12/7/2020  8:00:00 AM,0.039,0.052,0.025,25,26,25,30,-59,-54,-61.5
12/7/2020  7:00:00 AM,0.037,0.056,0.022,25,25,25,30,-59,-53.5,-60.5
12/7/2020  6:00:00 AM,0.039,0.05,0.025,25,25,25,30,-59,-51,-60.5
12/7/2020  5:00:00 AM,0.038,0.057,0.017,25,25,25,30,-58,-51.5,-60.5
12/7/2020  4:00:00 AM,0.037,0.056,0.018,25,25,25,30,-58,-50.5,-60.5
12/7/2020  3:00:00 AM,0.037,0.048,0.02,25,25,25,30,-59,-52,-60.5
12/7/2020  2:00:00 AM,0.039,0.051,0.025,25,25,25,30,-58,-50.5,-60.5
12/7/2020  1:00:00 AM,0.038,0.052,0.03,25,25,25,30,-59,-54.5,-61
12/7/2020  12:00:00 AM,0.039,0.053,0.028,25,25,25,29,-58,-52,-60.5
12/6/2020  11:00:00 PM,0.343,9.246,0.02,25,25,24,241,-58,-49.5,-61
12/6/2020  10:00:00 PM,0.392,6.852,0.025,25,25,24,100,-57,-51,-61
12/6/2020  9:00:00 PM,0.413,10.507,0.025,24,25,24,584,-58,-49.5,-61
12/6/2020  8:00:00 PM,0.289,2.453,0.027,24,25,24,145,-58,-48.5,-60.5
12/6/2020  7:00:00 PM,0.361,3.851,0.02,24,25,24,321,-58,-50.5,-63.5
12/6/2020  6:00:00 PM,0.384,9.201,0.025,24,25,23,449,-58,-49,-65
12/6/2020  5:00:00 PM,0.358,3.387,0.017,24,25,23,504,-57,-49,-62
12/6/2020  4:00:00 PM,0.331,3.292,0.02,24,25,23,477,-58,-49,-67.5
12/6/2020  3:00:00 PM,0.431,5.772,0.022,23,24,22,494,-58,-49,-63
12/6/2020  2:00:00 PM,0.454,7.76,0.021,23,23,23,384,-57,-49,-70
12/6/2020  1:00:00 PM,0.292,3.032,0.022,23,23,23,66,-58,-50,-62
12/6/2020  12:00:00 PM,0.378,4.128,0.023,23,23,22,393,-58,-49,-62.5
12/6/2020  11:00:00 AM,0.159,0.706,0.027,24,25,23,80,-58,-49,-62.5
12/6/2020  10:00:00 AM,0.309,3.276,0.027,24,25,24,168,-57,-48.5,-62.5
12/6/2020  9:00:00 AM,0.038,0.057,0.022,25,25,24,29,-58,-51.5,-61.5
12/6/2020  8:00:00 AM,0.038,0.055,0.021,25,25,25,30,-58,-48.5,-61
12/6/2020  7:00:00 AM,0.039,0.058,0.023,25,25,25,30,-56,-48.5,-61
12/6/2020  6:00:00 AM,0.036,0.05,0.025,25,25,25,30,-57,-47.5,-61
12/6/2020  5:00:00 AM,0.038,0.045,0.027,25,25,25,30,-57,-49,-61.5
12/6/2020  4:00:00 AM,0.038,0.051,0.031,25,25,25,30,-57,-51.5,-61
12/6/2020  3:00:00 AM,0.037,0.051,0.026,25,25,25,30,-57,-52,-61.5
12/6/2020  2:00:00 AM,0.039,0.055,0.023,25,25,24,30,-57,-52,-62.5
12/6/2020  1:00:00 AM,0.038,0.057,0.026,25,25,24,30,-56,-49.5,-61.5
12/6/2020  12:00:00 AM,0.036,0.05,0.022,25,25,25,30,-57,-49.5,-61
12/5/2020  11:00:00 PM,0.037,0.057,0.021,25,25,24,30,-58,-49,-61.5
12/5/2020  10:00:00 PM,0.2,2.662,0.026,24,25,24,76,-57,-50,-62
12/5/2020  9:00:00 PM,0.36,3.316,0.026,24,25,24,147,-57,-48,-62.5
12/5/2020  8:00:00 PM,0.035,0.046,0.02,24,25,24,29,-57,-51,-61
12/5/2020  7:00:00 PM,0.398,4.227,0.025,24,24,23,331,-57,-47,-63
12/5/2020  6:00:00 PM,0.391,4.831,0.02,24,25,23,344,-57,-48,-64.5
12/5/2020  5:00:00 PM,0.357,5.541,0.022,24,25,23,649,-58,-48,-63
12/5/2020  4:00:00 PM,0.332,4.248,0.022,24,24,23,242,-59,-50,-64
12/5/2020  3:00:00 PM,0.432,8.198,0.025,23,24,23,467,-58,-49.5,-64.5
12/5/2020  2:00:00 PM,0.318,3.952,0.026,23,24,23,337,-58,-48.5,-63
12/5/2020  1:00:00 PM,0.338,3.041,0.026,23,24,23,237,-58,-49.5,-69
12/5/2020  12:00:00 PM,0.398,4.771,0.018,23,24,23,622,-57,-49,-62
12/5/2020  11:00:00 AM,0.035,0.053,0.022,24,25,23,30,-56,-49.5,-61
12/5/2020  10:00:00 AM,0.061,0.497,0.023,25,25,24,32,-58,-50,-66
12/5/2020  9:00:00 AM,0.036,0.047,0.018,25,25,24,30,-58,-51.5,-61.5
12/5/2020  8:00:00 AM,0.037,0.056,0.027,25,25,25,30,-57,-50,-61
12/5/2020  7:00:00 AM,0.038,0.052,0.022,25,25,25,29,-58,-51,-60.5
12/5/2020  6:00:00 AM,0.038,0.063,0.025,25,25,25,30,-58,-52,-60.5
12/5/2020  5:00:00 AM,0.037,0.048,0.027,25,25,24,30,-58,-52.5,-61
12/5/2020  4:00:00 AM,0.039,0.057,0.026,25,25,25,30,-57,-49,-60.5
12/5/2020  3:00:00 AM,0.038,0.053,0.026,25,25,25,30,-57,-51.5,-61.5
12/5/2020  2:00:00 AM,0.038,0.057,0.026,25,25,25,30,-58,-50.5,-61.5
12/5/2020  1:00:00 AM,0.038,0.048,0.022,25,25,24,29,-57,-49.5,-62
12/5/2020  12:00:00 AM,0.037,0.051,0.023,25,25,25,30,-58,-49,-61
12/4/2020  11:00:00 PM,0.038,0.051,0.026,25,25,25,30,-59,-53,-61.5
12/4/2020  10:00:00 PM,0.28,2.891,0.028,25,25,24,137,-57,-49,-62
12/4/2020  9:00:00 PM,0.037,0.05,0.025,25,25,24,30,-57,-50.5,-61
12/4/2020  8:00:00 PM,0.039,0.056,0.023,25,25,24,30,-57,-50.5,-61.5
12/4/2020  7:00:00 PM,0.307,3.848,0.025,25,25,24,95,-57,-49,-61.5
12/4/2020  6:00:00 PM,0.408,4.951,0.025,25,25,24,294,-58,-49,-61.5
12/4/2020  5:00:00 PM,0.353,5.632,0.016,24,25,23,570,-58,-48.5,-63.5
12/4/2020  4:00:00 PM,0.412,5.301,0.025,23,23,22,365,-58,-48,-62.5
12/4/2020  3:00:00 PM,0.394,5.195,0.022,23,23,22,452,-58,-48.5,-65.5
12/4/2020  2:00:00 PM,0.323,4.23,0.027,23,24,23,350,-58,-49,-85.5
12/4/2020  1:00:00 PM,0.374,4.533,0.025,23,23,21,323,-58,-49,-82.5
12/4/2020  12:00:00 PM,0.39,5.022,0.027,23,24,22,370,-58,-48.5,-85.5
12/4/2020  11:00:00 AM,0.382,3.812,0.023,23,23,22,299,-58,-50,-62.5
12/4/2020  10:00:00 AM,0.282,3.086,0.03,23,24,23,155,-58,-49,-64.5
12/4/2020  9:00:00 AM,0.224,2.032,0.023,25,25,24,96,-57,-49,-62
12/4/2020  8:00:00 AM,0.037,0.048,0.025,23,25,23,30,-58,-51.5,-62
12/4/2020  7:00:00 AM,0.045,0.177,0.026,24,25,23,31,-58,-50.5,-61.5
12/4/2020  6:00:00 AM,0.043,0.171,0.028,25,25,24,31,-59,-52.5,-62.5
12/4/2020  5:00:00 AM,0.036,0.051,0.022,25,25,24,30,-59,-53,-62.5
12/4/2020  4:00:00 AM,0.04,0.058,0.027,25,25,24,30,-59,-52,-62.5
12/4/2020  3:00:00 AM,0.039,0.048,0.027,25,25,24,30,-59,-55,-62
12/4/2020  2:00:00 AM,0.039,0.057,0.023,25,25,24,30,-57,-51,-62
12/4/2020  1:00:00 AM,0.038,0.057,0.018,24,25,24,30,-58,-54,-62
12/4/2020  12:00:00 AM,0.038,0.048,0.02,24,25,24,30,-58,-52.5,-62.5
12/3/2020  11:00:00 PM,0.036,0.056,0.018,24,24,23,30,-58,-54,-62.5
12/3/2020  10:00:00 PM,0.286,3.463,0.018,23,24,23,131,-58,-51,-63
12/3/2020  9:00:00 PM,0.393,3.966,0.025,23,24,23,163,-58,-51,-63
12/3/2020  8:00:00 PM,0.037,0.061,0.018,23,23,23,29,-59,-53.5,-62.5
12/3/2020  7:00:00 PM,0.338,4.046,0.023,23,23,22,243,-59,-50.5,-63.5
12/3/2020  6:00:00 PM,0.409,8.896,0.028,23,24,23,431,-58,-50.5,-63
12/3/2020  5:00:00 PM,0.368,5.958,0.025,24,24,23,464,-58,-49,-63.5
12/3/2020  4:00:00 PM,0.347,5.103,0.022,23,24,23,381,-58,-50,-69
12/3/2020  3:00:00 PM,0.4,4.3,0.02,23,23,23,473,-58,-50.5,-66
12/3/2020  2:00:00 PM,0.386,3.646,0.02,23,24,22,480,-58,-49.5,-63.5
12/3/2020  1:00:00 PM,0.379,4.772,0.027,22,23,22,457,-59,-50.5,-73
12/3/2020  12:00:00 PM,0.436,5.641,0.026,23,25,22,615,-59,-49.5,-66.5
12/3/2020  11:00:00 AM,0.432,6.797,0.022,24,25,23,419,-58,-49.5,-63.5
12/3/2020  10:00:00 AM,0.463,5.315,0.025,25,25,24,153,-58,-49,-62
12/3/2020  9:00:00 AM,0.481,4.605,0.02,24,25,23,344,-58,-49.5,-63
12/3/2020  8:00:00 AM,0.038,0.057,0.026,24,25,23,30,-55,-49,-58
12/3/2020  7:00:00 AM,0.037,0.052,0.025,24,25,24,29,-54,-49,-58
12/3/2020  6:00:00 AM,0.04,0.05,0.03,24,25,24,30,-55,-47,-58.5
12/3/2020  5:00:00 AM,0.035,0.052,0.021,24,25,24,30,-55,-50,-59
12/3/2020  4:00:00 AM,0.037,0.051,0.026,25,25,24,30,-56,-52,-57.5
12/3/2020  3:00:00 AM,0.037,0.057,0.021,25,25,25,30,-55,-49.5,-57.5
12/3/2020  2:00:00 AM,0.038,0.053,0.026,25,25,25,29,-55,-48.5,-58
12/3/2020  1:00:00 AM,0.037,0.052,0.023,25,25,24,30,-55,-49.5,-57.5
12/3/2020  12:00:00 AM,0.046,0.228,0.027,25,25,24,32,-55,-50,-59.5
12/2/2020  11:00:00 PM,0.392,7.14,0.026,24,25,24,279,-55,-47,-59
12/2/2020  10:00:00 PM,0.39,6.23,0.021,24,25,24,198,-54,-46,-59
12/2/2020  9:00:00 PM,0.443,7.726,0.025,24,25,24,277,-55,-49,-59.5
12/2/2020  8:00:00 PM,0.427,4.693,0.023,24,24,23,519,-55,-46,-60.5
12/2/2020  7:00:00 PM,0.392,3.49,0.025,23,24,23,539,-55,-48.5,-68
12/2/2020  6:00:00 PM,0.367,4.416,0.021,23,24,23,546,-55,-48,-66.5
12/2/2020  5:00:00 PM,0.418,6.956,0.021,25,25,24,535,-55,-47,-62.5
12/2/2020  4:00:00 PM,0.409,5.733,0.026,25,25,25,376,-55,-47,-64
12/2/2020  3:00:00 PM,0.431,5.158,0.022,25,26,25,470,-55,-47,-75.5
12/2/2020  2:00:00 PM,0.446,9.492,0.023,25,25,24,595,-55,-46,-78
12/2/2020  1:00:00 PM,0.492,9.943,0.018,25,25,24,643,-55,-47,-77
12/2/2020  12:00:00 PM,0.357,5.183,0.025,25,25,24,423,-55,-46.5,-62.5
12/2/2020  11:00:00 AM,0.411,3.81,0.018,25,25,24,342,-56,-47.5,-68.5
12/2/2020  10:00:00 AM,0.038,0.053,0.025,25,25,24,30,-56,-49,-60
12/2/2020  9:00:00 AM,0.038,0.053,0.028,25,25,24,30,-55,-50,-59.5
12/2/2020  8:00:00 AM,0.039,0.058,0.023,24,25,23,30,-55,-50,-59.5
12/2/2020  7:00:00 AM,0.039,0.055,0.025,25,25,23,30,-56,-48.5,-59.5
12/2/2020  6:00:00 AM,0.039,0.06,0.025,25,25,24,30,-55,-49.5,-59.5
12/2/2020  5:00:00 AM,0.039,0.052,0.027,25,25,24,30,-56,-50.5,-59.5
12/2/2020  4:00:00 AM,0.036,0.056,0.026,25,25,24,30,-56,-50,-60
12/2/2020  3:00:00 AM,0.037,0.053,0.025,25,25,24,29,-56,-50,-60
12/2/2020  2:00:00 AM,0.036,0.048,0.022,25,25,24,30,-56,-50.5,-60
12/2/2020  1:00:00 AM,0.037,0.048,0.026,25,25,24,30,-56,-50,-59.5
12/2/2020  12:00:00 AM,0.038,0.053,0.025,24,25,23,30,-56,-49,-60
12/1/2020  11:00:00 PM,0.039,0.061,0.026,24,24,23,30,-56,-49.5,-60
12/1/2020  10:00:00 PM,0.038,0.057,0.026,24,24,23,29,-56,-50.5,-60
12/1/2020  9:00:00 PM,0.393,3.581,0.023,24,24,23,174,-56,-48,-60.5
12/1/2020  8:00:00 PM,0.286,3.701,0.018,23,24,23,143,-56,-48,-60.5
12/1/2020  7:00:00 PM,0.381,7.24,0.025,23,24,23,507,-56,-41,-62
12/1/2020  6:00:00 PM,0.422,4.545,0.026,23,24,23,587,-57,-48,-65.5
12/1/2020  5:00:00 PM,0.49,8.928,0.026,25,25,24,797,-56,-46.5,-65.5
12/1/2020  4:00:00 PM,0.415,7.382,0.023,25,25,24,685,-56,-46,-66
12/1/2020  3:00:00 PM,0.403,5.357,0.025,24,25,24,591,-55,-46,-62.5
12/1/2020  2:00:00 PM,0.374,4.633,0.023,24,25,23,525,-56,-46,-64.5
12/1/2020  1:00:00 PM,0.362,5.147,0.023,24,25,23,656,-55,-46,-62
12/1/2020  12:00:00 PM,0.368,4.65,0.027,25,25,24,372,-54,-45,-59.5
12/1/2020  11:00:00 AM,0.18,1.682,0.023,25,25,24,53,-54,-46.5,-61
12/1/2020  10:00:00 AM,0.042,0.176,0.025,25,25,24,31,-54,-46,-58
12/1/2020  9:00:00 AM,0.044,0.217,0.025,25,25,25,31,-54,-47.5,-58.5
12/1/2020  8:00:00 AM,0.038,0.05,0.021,25,25,25,28,-55,-47,-58.5
12/1/2020  7:00:00 AM,0.035,0.051,0.016,25,25,25,30,-53,-48,-57
12/1/2020  6:00:00 AM,0.039,0.053,0.03,25,25,24,30,-54,-47,-58
12/1/2020  5:00:00 AM,0.039,0.057,0.028,25,25,24,30,-54,-47,-58.5
12/1/2020  4:00:00 AM,0.039,0.053,0.026,25,25,24,30,-55,-49.5,-58.5
12/1/2020  3:00:00 AM,0.039,0.051,0.027,25,25,24,30,-55,-48.5,-58
12/1/2020  2:00:00 AM,0.037,0.05,0.025,24,25,24,29,-55,-48.5,-58
12/1/2020  1:00:00 AM,0.039,0.052,0.028,24,24,24,30,-55,-49,-58
12/1/2020  12:00:00 AM,0.036,0.05,0.022,24,25,24,30,-55,-47,-58
11/30/2020  11:00:00 PM,0.036,0.053,0.025,24,24,23,30,-54,-49,-58
11/30/2020  10:00:00 PM,0.415,3.992,0.026,24,24,23,116,-54,-47.5,-60.5
11/30/2020  9:00:00 PM,0.385,6.423,0.022,23,24,23,265,-54,-47.5,-58
11/30/2020  8:00:00 PM,0.446,4.816,0.018,24,24,23,362,-54,-46.5,-76.5
11/30/2020  7:00:00 PM,0.403,8.477,0.016,24,24,23,448,-54,-47.5,-67.5
11/30/2020  6:00:00 PM,0.405,8.848,0.017,23,24,23,369,-54,-45.5,-60
11/30/2020  5:00:00 PM,0.41,4.787,0.027,24,24,23,625,-54,-45,-59.5
11/30/2020  4:00:00 PM,0.38,5.011,0.023,24,25,23,410,-53,-44,-60.5
11/30/2020  3:00:00 PM,0.374,3.77,0.023,25,25,24,476,-53,-44,-59
11/30/2020  2:00:00 PM,0.414,7.396,0.023,25,25,25,332,-55,-47.5,-59
11/30/2020  1:00:00 PM,0.415,5.072,0.022,25,25,24,521,-56,-46.5,-65
11/30/2020  12:00:00 PM,0.408,3.921,0.028,25,25,25,252,-56,-48,-61.5
11/30/2020  11:00:00 AM,0.463,5.022,0.028,25,25,24,450,-56,-46.5,-64.5
11/30/2020  10:00:00 AM,0.352,4.456,0.026,25,25,24,155,-56,-48,-60
11/30/2020  9:00:00 AM,0.038,0.057,0.027,25,25,24,30,-56,-47,-60
11/30/2020  8:00:00 AM,0.043,0.108,0.031,24,25,24,30,-57,-50,-60
11/30/2020  7:00:00 AM,0.038,0.052,0.02,24,24,24,30,-55,-48.5,-60.5
11/30/2020  6:00:00 AM,0.036,0.051,0.022,24,24,23,29,-56,-47.5,-63.5
11/30/2020  5:00:00 AM,0.036,0.05,0.025,24,24,23,30,-54,-47,-59
11/30/2020  4:00:00 AM,0.039,0.052,0.026,24,24,23,30,-55,-47.5,-59.5
11/30/2020  3:00:00 AM,0.037,0.051,0.025,24,24,23,30,-55,-48,-59
11/30/2020  2:00:00 AM,0.04,0.058,0.018,24,24,23,30,-55,-49,-59.5
11/30/2020  1:00:00 AM,0.039,0.05,0.025,23,24,23,30,-55,-47.5,-59
11/30/2020  12:00:00 AM,0.035,0.052,0.02,23,24,23,30,-55,-47.5,-59.5
11/29/2020  11:00:00 PM,0.367,4.447,0.02,23,23,23,159,-57,-48,-63.5
11/29/2020  10:00:00 PM,0.062,0.306,0.026,23,23,23,35,-56,-48.5,-58
11/29/2020  9:00:00 PM,0.412,7.268,0.025,23,23,22,353,-55,-45.5,-60
11/29/2020  8:00:00 PM,0.416,4.638,0.027,23,23,22,227,-54,-47.5,-58
11/29/2020  7:00:00 PM,0.036,0.051,0.018,23,23,23,30,-52,-47.5,-54.5
11/29/2020  6:00:00 PM,0.378,4.711,0.023,23,23,22,328,-54,-47.5,-64.5
11/29/2020  5:00:00 PM,0.399,4.667,0.023,23,23,22,499,-53,-47,-57.5
11/29/2020  4:00:00 PM,0.406,3.321,0.022,22,23,22,452,-53,-45.5,-57
11/29/2020  3:00:00 PM,0.398,6.012,0.022,22,23,21,437,-55,-48,-64
11/29/2020  2:00:00 PM,0.399,4.235,0.023,22,22,21,688,-55,-47.5,-60.5
11/29/2020  1:00:00 PM,0.415,4.632,0.026,22,23,22,623,-55,-45.5,-59
11/29/2020  12:00:00 PM,0.421,3.995,0.017,22,23,22,316,-55,-47.5,-61.5
11/29/2020  11:00:00 AM,0.038,0.058,0.026,23,23,22,30,-56,-48.5,-59.5
11/29/2020  10:00:00 AM,0.036,0.048,0.02,23,23,23,30,-56,-49.5,-59.5
11/29/2020  9:00:00 AM,0.037,0.051,0.025,23,24,23,30,-56,-48,-57
11/29/2020  8:00:00 AM,0.038,0.052,0.026,24,24,23,30,-55,-48,-58
11/29/2020  7:00:00 AM,0.037,0.048,0.025,24,24,24,29,-55,-49.5,-57.5
11/29/2020  6:00:00 AM,0.037,0.06,0.018,24,24,24,30,-55,-51,-59
11/29/2020  5:00:00 AM,0.037,0.052,0.022,24,24,24,30,-56,-49,-58.5
11/29/2020  4:00:00 AM,0.037,0.047,0.022,24,25,24,30,-55,-49,-57
11/29/2020  3:00:00 AM,0.037,0.051,0.023,24,24,23,30,-56,-49.5,-57
11/29/2020  2:00:00 AM,0.037,0.05,0.023,24,24,24,30,-55,-49.5,-57
11/29/2020  1:00:00 AM,0.039,0.053,0.018,24,25,24,30,-56,-50,-59
11/29/2020  12:00:00 AM,0.038,0.051,0.025,24,24,24,28,-55,-49.5,-57.5
11/28/2020  11:00:00 PM,0.037,0.051,0.02,24,24,24,30,-55,-48.5,-57
11/28/2020  10:00:00 PM,0.038,0.053,0.025,24,24,23,30,-55,-50.5,-58.5
11/28/2020  9:00:00 PM,0.463,7.937,0.026,24,24,23,432,-55,-46.5,-61
11/28/2020  8:00:00 PM,0.404,4.83,0.025,23,24,23,351,-53,-46,-57
11/28/2020  7:00:00 PM,0.036,0.052,0.02,23,24,23,30,-53,-48,-55
11/28/2020  6:00:00 PM,0.037,0.06,0.023,23,24,23,29,-53,-46.5,-55.5
11/28/2020  5:00:00 PM,0.381,4.127,0.031,23,24,23,591,-53,-45,-58.5
11/28/2020  4:00:00 PM,0.384,4.433,0.025,23,24,23,515,-54,-45.5,-58.5
11/28/2020  3:00:00 PM,0.372,4.708,0.023,23,24,23,685,-54,-45.5,-60
11/28/2020  2:00:00 PM,0.316,2.718,0.023,23,23,22,187,-54,-46.5,-58.5
11/28/2020  1:00:00 PM,0.397,3.542,0.025,23,23,23,157,-55,-48,-60
11/28/2020  12:00:00 PM,0.342,5.077,0.023,23,24,23,97,-54,-47.5,-56.5
11/28/2020  11:00:00 AM,0.281,2.567,0.021,23,24,23,232,-54,-50.5,-57
11/28/2020  10:00:00 AM,0.039,0.051,0.027,23,24,23,29,-53,-51,-55.5
11/28/2020  9:00:00 AM,0.037,0.051,0.026,24,24,23,30,-53,-50,-55.5
11/28/2020  8:00:00 AM,0.038,0.056,0.025,24,25,24,30,-53,-51,-55
11/28/2020  7:00:00 AM,0.039,0.057,0.026,24,25,24,30,-53,-50.5,-55.5
11/28/2020  6:00:00 AM,0.038,0.051,0.026,24,25,24,30,-53,-52,-55
11/28/2020  5:00:00 AM,0.039,0.057,0.023,25,25,24,30,-53,-50,-55.5
11/28/2020  4:00:00 AM,0.035,0.053,0.018,24,25,24,30,-53,-51,-54
11/28/2020  3:00:00 AM,0.037,0.056,0.027,24,25,24,30,-53,-50.5,-55.5
11/28/2020  2:00:00 AM,0.038,0.055,0.025,24,25,24,30,-53,-51,-55.5
11/28/2020  1:00:00 AM,0.038,0.046,0.026,24,25,24,30,-54,-51,-56
11/28/2020  12:00:00 AM,0.039,0.048,0.025,24,25,24,30,-53,-50.5,-56
11/27/2020  11:00:00 PM,0.037,0.047,0.022,24,25,24,30,-53,-50.5,-55.5
11/27/2020  10:00:00 PM,0.039,0.055,0.027,24,25,24,30,-53,-51,-56
11/27/2020  9:00:00 PM,0.037,0.048,0.023,24,25,24,30,-53,-51.5,-55
11/27/2020  8:00:00 PM,0.038,0.047,0.026,24,24,23,29,-53,-50.5,-53.5
11/27/2020  7:00:00 PM,0.036,0.05,0.026,25,25,24,30,-54,-51,-63
11/27/2020  6:00:00 PM,0.035,0.045,0.021,25,25,24,30,-54,-53.5,-54.5
11/27/2020  5:00:00 PM,0.05,0.306,0.018,25,25,24,32,-54,-52,-55
11/27/2020  4:00:00 PM,0.466,5.575,0.028,23,24,23,282,-54,-49,-65
11/27/2020  3:00:00 PM,0.398,3.991,0.022,24,25,23,633,-54,-48,-59
11/27/2020  2:00:00 PM,0.399,4.652,0.02,25,25,24,718,-54,-47.5,-62
11/27/2020  1:00:00 PM,0.497,5.902,0.026,25,25,24,440,-54,-47,-58
11/27/2020  12:00:00 PM,0.448,5.085,0.018,24,25,23,214,-53,-48,-56.5
11/27/2020  11:00:00 AM,0.445,4.89,0.027,25,25,23,699,-53,-47,-58.5
11/27/2020  10:00:00 AM,0.282,2.277,0.022,25,25,25,125,-53,-47.5,-56.5
11/27/2020  9:00:00 AM,0.039,0.055,0.025,25,25,24,30,-53,-50.5,-56.5
11/27/2020  8:00:00 AM,0.038,0.141,0.021,24,25,24,31,-54,-49,-56
11/27/2020  7:00:00 AM,0.037,0.048,0.026,25,25,24,30,-53,-49,-55
11/27/2020  6:00:00 AM,0.039,0.055,0.026,25,25,24,30,-53,-47,-55.5
11/27/2020  5:00:00 AM,0.038,0.052,0.027,25,25,24,30,-52,-48.5,-53.5
11/27/2020  4:00:00 AM,0.037,0.052,0.028,25,25,25,30,-53,-49.5,-55
11/27/2020  3:00:00 AM,0.037,0.053,0.025,25,25,25,29,-52,-47.5,-53.5
11/27/2020  2:00:00 AM,0.035,0.056,0.022,25,25,24,30,-53,-48.5,-55.5
11/27/2020  1:00:00 AM,0.037,0.057,0.021,25,25,25,29,-53,-47,-53.5
11/27/2020  12:00:00 AM,0.038,0.053,0.027,25,25,24,30,-53,-47.5,-55.5
11/26/2020  11:00:00 PM,0.037,0.06,0.026,25,25,24,30,-53,-48,-53.5
11/26/2020  10:00:00 PM,0.205,2.548,0.023,25,25,24,75,-53,-48,-57
11/26/2020  9:00:00 PM,0.197,1.721,0.023,25,25,24,83,-53,-47,-56.5
11/26/2020  8:00:00 PM,0.207,3.103,0.023,24,25,24,37,-52,-47.5,-54
11/26/2020  7:00:00 PM,0.423,5.138,0.017,24,25,24,312,-53,-46.5,-55
11/26/2020  6:00:00 PM,0.295,2.886,0.023,24,25,23,127,-53,-48,-56
11/26/2020  5:00:00 PM,0.447,4.247,0.02,25,25,24,611,-53,-46.5,-60
11/26/2020  4:00:00 PM,0.44,5.403,0.018,25,25,24,783,-54,-44.5,-62.5
11/26/2020  3:00:00 PM,0.405,9.618,0.023,25,25,25,545,-53,-43,-61.5
11/26/2020  2:00:00 PM,0.461,4.565,0.028,25,25,24,681,-53,-44.5,-58.5
11/26/2020  1:00:00 PM,0.347,4.273,0.023,25,25,24,537,-53,-46,-64.5
11/26/2020  12:00:00 PM,0.486,8.256,0.021,24,25,23,410,-60,-49.5,-70.5
11/26/2020  11:00:00 AM,0.377,3.761,0.026,25,25,25,510,-60,-52,-67.5
11/26/2020  10:00:00 AM,0.053,0.237,0.027,25,25,24,31,-60,-56,-63
11/26/2020  9:00:00 AM,0.037,0.053,0.023,25,25,24,30,-59,-56.5,-62.5
11/26/2020  8:00:00 AM,0.037,0.053,0.021,25,25,25,30,-58,-53.5,-60.5
11/26/2020  7:00:00 AM,0.035,0.05,0.025,25,25,25,30,-58,-54.5,-61
11/26/2020  6:00:00 AM,0.036,0.05,0.022,25,25,25,30,-58,-55.5,-60.5
11/26/2020  5:00:00 AM,0.037,0.053,0.023,25,25,25,29,-58,-55,-60.5
11/26/2020  4:00:00 AM,0.039,0.052,0.026,25,25,25,30,-58,-55,-59.5
11/26/2020  3:00:00 AM,0.037,0.051,0.022,25,25,25,30,-58,-55.5,-60
11/26/2020  2:00:00 AM,0.038,0.05,0.027,25,25,25,30,-58,-54,-59
11/26/2020  1:00:00 AM,0.035,0.05,0.023,25,25,25,30,-58,-55,-58.5
11/26/2020  12:00:00 AM,0.038,0.052,0.025,25,25,25,29,-57,-54.5,-58.5
11/25/2020  11:00:00 PM,0.036,0.048,0.026,25,25,24,30,-58,-54,-58.5
11/25/2020  10:00:00 PM,0.037,0.055,0.021,25,25,24,30,-58,-54.5,-58.5
11/25/2020  9:00:00 PM,0.372,3.943,0.026,25,25,24,265,-58,-53.5,-67
11/25/2020  8:00:00 PM,0.39,4.52,0.021,25,25,24,358,-58,-53.5,-67.5
11/25/2020  7:00:00 PM,0.367,5.086,0.021,25,25,25,491,-59,-52.5,-62.5
11/25/2020  6:00:00 PM,0.432,7.123,0.026,25,25,24,571,-58,-52.5,-61
11/25/2020  5:00:00 PM,0.408,5.771,0.02,25,25,24,682,-59,-53,-66
11/25/2020  4:00:00 PM,0.453,7.243,0.028,25,25,24,547,-59,-49.5,-65.5
11/25/2020  3:00:00 PM,0.384,5.848,0.027,24,25,24,451,-59,-51.5,-64.5
11/25/2020  2:00:00 PM,0.382,3.833,0.022,24,25,23,459,-59,-51.5,-66.5
11/25/2020  1:00:00 PM,0.317,3.135,0.025,24,25,24,170,-61,-54,-65
11/25/2020  12:00:00 PM,0.322,2.683,0.025,25,25,24,240,-60,-53.5,-64.5
11/25/2020  11:00:00 AM,0.112,0.683,0.027,25,25,24,41,-60,-56.5,-64.5
11/25/2020  10:00:00 AM,0.389,6.048,0.018,25,25,25,268,-60,-52.5,-68
11/25/2020  9:00:00 AM,0.207,3.306,0.025,25,25,25,38,-59,-54,-63
11/25/2020  8:00:00 AM,0.037,0.053,0.025,25,25,25,29,-59,-54,-62
11/25/2020  7:00:00 AM,0.068,0.623,0.022,25,25,25,32,-59,-55.5,-63
11/25/2020  6:00:00 AM,0.038,0.048,0.023,25,25,25,30,-59,-55,-61.5
11/25/2020  5:00:00 AM,0.036,0.05,0.02,25,25,25,30,-59,-54,-60
11/25/2020  4:00:00 AM,0.036,0.045,0.03,25,25,25,30,-59,-55,-62
11/25/2020  3:00:00 AM,0.04,0.058,0.026,25,25,25,30,-60,-55.5,-61.5
11/25/2020  2:00:00 AM,0.037,0.053,0.018,25,25,25,30,-59,-55.5,-61.5
11/25/2020  1:00:00 AM,0.036,0.052,0.023,25,25,25,30,-59,-55.5,-62.5
11/25/2020  12:00:00 AM,0.036,0.048,0.018,25,25,25,30,-59,-56,-62.5
11/24/2020  11:00:00 PM,0.036,0.045,0.025,25,25,25,30,-59,-56.5,-62
11/24/2020  10:00:00 PM,0.037,0.047,0.02,25,25,24,29,-59,-53.5,-61
11/24/2020  9:00:00 PM,0.039,0.052,0.027,24,25,24,30,-60,-57.5,-63.5
11/24/2020  8:00:00 PM,0.412,4.072,0.018,24,25,23,503,-60,-53,-67.5
11/24/2020  7:00:00 PM,0.394,4.03,0.018,24,25,23,580,-61,-53,-67.5
11/24/2020  6:00:00 PM,0.411,3.707,0.026,24,25,23,665,-61,-53,-67
11/24/2020  5:00:00 PM,0.277,3.94,0.025,25,25,25,181,-62,-52.5,-71
11/24/2020  4:00:00 PM,0.408,5.958,0.027,25,25,25,577,-64,-55.5,-74
11/24/2020  3:00:00 PM,0.377,3.74,0.023,25,25,25,521,-64,-55.5,-71
11/24/2020  2:00:00 PM,0.384,7.065,0.018,25,26,25,509,-64,-55,-73.5
11/24/2020  1:00:00 PM,0.36,3.712,0.026,25,25,25,250,-64,-55.5,-69.5
11/24/2020  12:00:00 PM,0.427,4.395,0.021,25,25,25,509,-64,-53.5,-71
11/24/2020  11:00:00 AM,0.381,4.796,0.023,25,25,25,334,-65,-55.5,-72
11/24/2020  10:00:00 AM,0.263,2.483,0.026,25,25,25,152,-64,-55,-70
11/24/2020  9:00:00 AM,0.037,0.053,0.017,25,25,25,30,-63,-55.5,-68.5
11/24/2020  8:00:00 AM,0.037,0.048,0.025,25,25,24,25,-63,-58,-68
11/24/2020  7:00:00 AM,0.037,0.05,0.025,25,25,24,29,-65,-57.5,-70
11/24/2020  6:00:00 AM,0.037,0.047,0.023,25,25,25,29,-65,-58,-69.5
11/24/2020  5:00:00 AM,0.037,0.052,0.021,25,25,24,30,-65,-58.5,-69
11/24/2020  4:00:00 AM,0.038,0.053,0.023,25,25,24,30,-66,-59.5,-70
11/24/2020  3:00:00 AM,0.037,0.061,0.021,25,25,24,30,-65,-57.5,-70
11/24/2020  2:00:00 AM,0.037,0.058,0.027,25,25,24,29,-65,-59.5,-69.5
11/24/2020  1:00:00 AM,0.035,0.051,0.017,25,25,24,28,-66,-60.5,-70
11/24/2020  12:00:00 AM,0.037,0.051,0.025,25,25,24,29,-65,-59.5,-69.5
11/23/2020  11:00:00 PM,0.034,0.045,0.016,24,25,24,30,-65,-60,-69.5
11/23/2020  10:00:00 PM,0.036,0.052,0.021,24,24,24,30,-66,-58,-69.5
11/23/2020  9:00:00 PM,0.355,5.385,0.026,24,24,23,181,-65,-55,-71
11/23/2020  8:00:00 PM,0.422,8.158,0.027,24,25,23,430,-66,-57,-73
11/23/2020  7:00:00 PM,0.409,4.656,0.018,25,25,24,573,-66,-56.5,-72.5
11/23/2020  6:00:00 PM,0.363,4.396,0.025,23,25,23,323,-66,-56,-73
11/23/2020  5:00:00 PM,0.041,0.173,0.02,24,25,24,31,-65,-57.5,-68.5
11/23/2020  4:00:00 PM,0.345,4.143,0.028,24,25,23,334,-65,-55.5,-72
11/23/2020  3:00:00 PM,0.398,4.052,0.028,24,25,23,492,-65,-56,-72.5
11/23/2020  2:00:00 PM,0.326,4.57,0.017,23,24,23,476,-64,-55.5,-73
11/23/2020  1:00:00 PM,0.278,2.351,0.025,23,24,23,261,-63,-54.5,-69.5
11/23/2020  12:00:00 PM,0.365,6.215,0.02,23,24,23,340,-63,-56,-69.5
11/23/2020  11:00:00 AM,0.198,1.506,0.027,24,25,23,66,-62,-55.5,-70.5
11/23/2020  10:00:00 AM,0.333,3.09,0.022,25,25,24,150,-63,-54,-75.5
11/23/2020  9:00:00 AM,0.038,0.051,0.025,25,25,24,30,-61,-55,-64.5
11/23/2020  8:00:00 AM,0.07,0.551,0.031,25,25,25,33,-61,-55.5,-65
11/23/2020  7:00:00 AM,0.038,0.047,0.017,25,25,25,29,-60,-55,-64.5
11/23/2020  6:00:00 AM,0.037,0.055,0.026,25,25,25,30,-61,-55.5,-64.5
11/23/2020  5:00:00 AM,0.038,0.057,0.027,25,25,25,30,-60,-54.5,-68
11/23/2020  4:00:00 AM,0.038,0.058,0.02,25,25,24,30,-60,-54.5,-64
11/23/2020  3:00:00 AM,0.035,0.046,0.02,25,25,24,30,-61,-56.5,-64
11/23/2020  2:00:00 AM,0.038,0.05,0.03,25,25,24,29,-60,-54.5,-63.5
11/23/2020  1:00:00 AM,0.039,0.051,0.025,25,25,24,30,-60,-55,-64.5
11/23/2020  12:00:00 AM,0.039,0.056,0.026,24,25,24,27,-60,-55.5,-64.5
11/22/2020  11:00:00 PM,0.036,0.048,0.025,24,25,24,30,-60,-56,-64.5
11/22/2020  10:00:00 PM,0.26,3.313,0.021,24,25,24,84,-60,-54.5,-65.5
11/22/2020  9:00:00 PM,0.363,5.417,0.018,24,24,23,385,-62,-53,-67.5
11/22/2020  8:00:00 PM,0.317,2.542,0.026,24,24,23,118,-62,-55,-66.5
11/22/2020  7:00:00 PM,0.381,3.548,0.022,23,24,23,598,-62,-55.5,-73
11/22/2020  6:00:00 PM,0.473,5.678,0.025,23,24,23,113,-62,-55,-68.5
11/22/2020  5:00:00 PM,0.354,2.823,0.027,24,24,23,147,-62,-55,-67
11/22/2020  4:00:00 PM,0.373,4.34,0.016,23,24,23,339,-63,-53.5,-73
11/22/2020  3:00:00 PM,0.404,5.271,0.025,23,23,23,396,-62,-54,-68.5
11/22/2020  2:00:00 PM,0.379,3.886,0.025,22,23,22,375,-62,-55,-70.5
11/22/2020  1:00:00 PM,0.359,3.381,0.022,22,23,22,438,-62,-53.5,-72
11/22/2020  12:00:00 PM,0.244,3.282,0.025,22,23,22,44,-62,-58,-67.5
11/22/2020  11:00:00 AM,0.342,4.71,0.025,22,23,22,179,-61,-54,-66.5
11/22/2020  10:00:00 AM,0.036,0.052,0.026,23,23,23,30,-62,-57.5,-85
11/22/2020  9:00:00 AM,0.038,0.051,0.023,23,24,23,30,-62,-56.5,-65.5
11/22/2020  8:00:00 AM,0.037,0.05,0.022,24,24,23,30,-62,-57,-65.5
11/22/2020  7:00:00 AM,0.036,0.058,0.022,24,24,23,29,-62,-57.5,-65.5
11/22/2020  6:00:00 AM,0.037,0.055,0.025,24,24,24,29,-61,-56.5,-65.5
11/22/2020  5:00:00 AM,0.04,0.056,0.023,24,25,24,30,-62,-57,-65.5
11/22/2020  4:00:00 AM,0.037,0.058,0.028,24,24,24,30,-62,-57,-65
11/22/2020  3:00:00 AM,0.037,0.053,0.021,24,24,24,28,-62,-57.5,-65.5
11/22/2020  2:00:00 AM,0.036,0.047,0.027,24,24,24,30,-61,-56,-65.5
11/22/2020  1:00:00 AM,0.037,0.055,0.025,24,24,24,30,-62,-58,-65.5
11/22/2020  12:00:00 AM,0.035,0.053,0.023,24,24,23,30,-62,-58.5,-65.5
11/21/2020  11:00:00 PM,0.037,0.05,0.025,24,24,23,30,-62,-57.5,-65
11/21/2020  10:00:00 PM,0.038,0.05,0.023,24,24,23,30,-62,-58.5,-65.5
11/21/2020  9:00:00 PM,0.205,2.327,0.03,24,24,23,127,-61,-55,-65.5
11/21/2020  8:00:00 PM,0.229,2.816,0.02,23,24,23,90,-61,-55.5,-67
11/21/2020  7:00:00 PM,0.376,3.82,0.027,23,24,23,608,-61,-53.5,-66.5
11/21/2020  6:00:00 PM,0.364,3.473,0.018,23,23,23,352,-62,-54,-71.5
11/21/2020  5:00:00 PM,0.36,4.525,0.021,23,23,23,406,-61,-54,-66.5
11/21/2020  4:00:00 PM,0.38,6.731,0.023,23,24,23,551,-62,-53,-75
11/21/2020  3:00:00 PM,0.425,6.516,0.022,23,23,22,654,-59,-52,-66
11/21/2020  2:00:00 PM,0.389,4.69,0.021,23,23,22,455,-58,-51.5,-64
11/21/2020  1:00:00 PM,0.273,2.626,0.023,23,23,23,128,-58,-54,-64.5
11/21/2020  12:00:00 PM,0.387,4.566,0.022,23,23,23,300,-57,-51.5,-62.5
11/21/2020  11:00:00 AM,0.092,0.517,0.022,23,24,23,48,-58,-52.5,-60.5
11/21/2020  10:00:00 AM,0.398,4.178,0.028,24,24,23,146,-57,-53,-59.5
11/21/2020  9:00:00 AM,0.038,0.052,0.022,24,25,24,30,-56,-53,-59
11/21/2020  8:00:00 AM,0.036,0.055,0.017,23,24,23,30,-56,-54,-58.5
11/21/2020  7:00:00 AM,0.037,0.056,0.018,23,23,23,30,-57,-52,-59.5
11/21/2020  6:00:00 AM,0.038,0.052,0.025,23,24,23,30,-56,-54,-59
11/21/2020  5:00:00 AM,0.034,0.051,0.021,23,24,23,29,-56,-54,-59
11/21/2020  4:00:00 AM,0.035,0.052,0.026,23,23,23,30,-57,-54,-59.5
11/21/2020  3:00:00 AM,0.037,0.053,0.026,23,23,23,30,-57,-53.5,-59
11/21/2020  2:00:00 AM,0.039,0.051,0.026,23,23,23,30,-57,-54,-59
11/21/2020  1:00:00 AM,0.037,0.061,0.025,23,24,23,30,-57,-54,-60
11/21/2020  12:00:00 AM,0.038,0.05,0.026,24,24,23,29,-57,-55,-59
11/20/2020  11:00:00 PM,0.036,0.047,0.018,24,25,24,30,-57,-54,-59.5
11/20/2020  10:00:00 PM,0.036,0.052,0.026,24,25,24,29,-57,-54.5,-59.5
11/20/2020  9:00:00 PM,0.42,8.502,0.028,24,25,23,360,-57,-51.5,-61
11/20/2020  8:00:00 PM,0.125,1.136,0.025,24,24,23,53,-57,-52.5,-67
11/20/2020  7:00:00 PM,0.358,3.14,0.027,23,24,23,279,-57,-51.5,-63
11/20/2020  6:00:00 PM,0.192,0.977,0.028,23,24,23,77,-58,-51,-70.5
11/20/2020  5:00:00 PM,0.056,0.261,0.023,23,23,23,34,-58,-55,-60
11/20/2020  4:00:00 PM,0.385,6.053,0.028,23,23,23,295,-60,-51.5,-66.5
11/20/2020  3:00:00 PM,0.436,5.911,0.027,24,25,23,606,-60,-49.5,-69
11/20/2020  2:00:00 PM,0.452,4.925,0.026,23,25,23,309,-59,-53.5,-64
11/20/2020  1:00:00 PM,0.038,0.06,0.025,23,24,23,30,-58,-53.5,-62
11/20/2020  12:00:00 PM,0.444,4.652,0.022,24,25,23,324,-58,-51.5,-62
11/20/2020  11:00:00 AM,0.401,4.368,0.026,24,25,23,323,-57,-50.5,-63
11/20/2020  10:00:00 AM,0.045,0.232,0.022,25,25,25,31,-57,-50,-61
11/20/2020  9:00:00 AM,0.037,0.05,0.023,25,25,25,29,-58,-52,-63.5
11/20/2020  8:00:00 AM,0.038,0.056,0.023,25,25,25,30,-59,-53.5,-63
11/20/2020  7:00:00 AM,0.038,0.05,0.026,25,25,25,30,-60,-54,-63
11/20/2020  6:00:00 AM,0.039,0.06,0.028,25,25,25,29,-59,-54,-63
11/20/2020  5:00:00 AM,0.038,0.05,0.025,25,25,25,29,-59,-53.5,-63
11/20/2020  4:00:00 AM,0.036,0.052,0.026,25,25,25,30,-59,-52,-63
11/20/2020  3:00:00 AM,0.038,0.047,0.028,25,25,25,29,-60,-54.5,-63
11/20/2020  2:00:00 AM,0.036,0.053,0.026,25,25,25,29,-59,-54,-63
11/20/2020  1:00:00 AM,0.038,0.053,0.026,25,25,25,30,-59,-53.5,-63
11/20/2020  12:00:00 AM,0.037,0.051,0.025,25,25,24,30,-59,-54.5,-62
11/19/2020  11:00:00 PM,0.038,0.053,0.025,25,25,24,30,-59,-53,-63
11/19/2020  10:00:00 PM,0.036,0.056,0.022,25,25,24,30,-59,-53.5,-63
11/19/2020  9:00:00 PM,0.039,0.06,0.025,24,25,24,30,-59,-56,-62
11/19/2020  8:00:00 PM,0.365,2.96,0.021,24,25,24,212,-59,-53,-63
11/19/2020  7:00:00 PM,0.407,5.688,0.022,24,25,24,253,-57,-51,-62.5
11/19/2020  6:00:00 PM,0.243,1.64,0.025,25,25,24,102,-58,-49,-61.5
11/19/2020  5:00:00 PM,0.371,4.642,0.025,25,25,24,457,-58,-51,-63
11/19/2020  4:00:00 PM,0.346,3.812,0.02,25,25,24,365,-57,-50.5,-62.5
11/19/2020  3:00:00 PM,0.423,5.341,0.022,25,25,24,299,-57,-52,-63.5
11/19/2020  2:00:00 PM,0.372,3.393,0.013,25,25,24,506,-58,-53,-63.5
11/19/2020  1:00:00 PM,0.374,4.002,0.023,24,25,23,385,-57,-51,-64
11/19/2020  12:00:00 PM,0.382,7.187,0.025,23,24,23,357,-57,-49,-62
11/19/2020  11:00:00 AM,0.358,4.045,0.023,24,25,24,147,-57,-50,-67
11/19/2020  10:00:00 AM,0.089,1.065,0.022,23,25,23,34,-57,-54,-59.5
11/19/2020  9:00:00 AM,0.038,0.052,0.02,24,25,23,29,-57,-53.5,-60
11/19/2020  8:00:00 AM,0.038,0.137,0.021,25,26,25,32,-58,-51,-62.5
11/19/2020  7:00:00 AM,0.055,0.322,0.017,25,26,25,33,-59,-52,-62.5
11/19/2020  6:00:00 AM,0.038,0.05,0.027,25,25,25,30,-58,-51.5,-62.5
11/19/2020  5:00:00 AM,0.037,0.055,0.025,25,25,25,30,-59,-51.5,-62.5
11/19/2020  4:00:00 AM,0.036,0.05,0.025,25,25,25,30,-57,-49.5,-62.5
11/19/2020  3:00:00 AM,0.038,0.05,0.028,25,25,25,30,-59,-52,-62.5
11/19/2020  2:00:00 AM,0.035,0.051,0.022,25,25,25,30,-59,-50.5,-62.5
11/19/2020  1:00:00 AM,0.037,0.048,0.021,25,25,25,29,-59,-51,-62.5
11/19/2020  12:00:00 AM,0.036,0.051,0.02,25,25,25,30,-59,-50,-62.5
11/18/2020  11:00:00 PM,0.037,0.058,0.02,25,25,25,30,-58,-50,-62.5
11/18/2020  10:00:00 PM,0.097,0.53,0.022,25,25,25,42,-59,-53.5,-63
11/18/2020  9:00:00 PM,0.322,6.757,0.02,25,25,25,94,-59,-51,-63
11/18/2020  8:00:00 PM,0.393,3.511,0.02,25,25,25,286,-60,-48.5,-67
11/18/2020  7:00:00 PM,0.38,5.032,0.023,25,25,24,253,-60,-51,-66.5
11/18/2020  6:00:00 PM,0.345,3.712,0.023,25,26,24,305,-59,-50.5,-67
11/18/2020  5:00:00 PM,0.408,6.135,0.025,26,26,25,483,-62,-52,-69.5
11/18/2020  4:00:00 PM,0.346,3.88,0.023,26,26,25,405,-62,-52.5,-67.5
11/18/2020  3:00:00 PM,0.322,3.472,0.022,26,26,25,464,-63,-53,-69
11/18/2020  2:00:00 PM,0.422,4.802,0.02,25,26,25,475,-63,-53.5,-69
11/18/2020  1:00:00 PM,0.244,1.535,0.022,25,26,25,111,-63,-53,-71.5
11/18/2020  12:00:00 PM,0.065,0.242,0.018,25,26,25,35,-63,-53.5,-67.5
11/18/2020  11:00:00 AM,0.377,2.995,0.025,26,26,25,333,-62,-53,-67.5
11/18/2020  10:00:00 AM,0.211,2.176,0.03,26,26,25,80,-63,-56,-67
11/18/2020  9:00:00 AM,0.345,2.896,0.025,26,26,25,145,-62,-54.5,-67
11/18/2020  8:00:00 AM,0.038,0.057,0.026,26,26,25,30,-63,-56.5,-65.5
11/18/2020  7:00:00 AM,0.039,0.053,0.02,26,26,25,29,-62,-55,-66
11/18/2020  6:00:00 AM,0.038,0.05,0.025,26,26,25,30,-62,-55,-66
11/18/2020  5:00:00 AM,0.039,0.061,0.025,26,26,25,30,-62,-56.5,-66
11/18/2020  4:00:00 AM,0.037,0.053,0.025,26,26,25,30,-62,-55,-66
11/18/2020  3:00:00 AM,0.037,0.05,0.026,26,26,25,30,-62,-55,-65.5
11/18/2020  2:00:00 AM,0.036,0.048,0.022,26,26,26,30,-63,-56,-66.5
11/18/2020  1:00:00 AM,0.039,0.051,0.027,26,26,25,30,-62,-54.5,-66
11/18/2020  12:00:00 AM,0.038,0.048,0.021,26,26,25,30,-62,-56.5,-64.5
11/17/2020  11:00:00 PM,0.039,0.056,0.027,25,26,25,30,-63,-57.5,-67
11/17/2020  10:00:00 PM,0.334,2.432,0.026,25,26,25,288,-63,-54,-70
11/17/2020  9:00:00 PM,0.398,4.102,0.026,25,26,25,113,-63,-56.5,-70.5
11/17/2020  8:00:00 PM,0.037,0.05,0.022,25,25,25,30,-62,-57.5,-70.5
11/17/2020  7:00:00 PM,0.375,4.472,0.021,25,25,25,264,-63,-55,-69
11/17/2020  6:00:00 PM,0.475,7.9,0.027,25,25,24,340,-63,-55,-68.5
11/17/2020  5:00:00 PM,0.427,4.351,0.021,25,26,25,459,-64,-54,-74
11/17/2020  4:00:00 PM,0.361,3.466,0.02,25,26,24,563,-63,-52,-72
11/17/2020  3:00:00 PM,0.432,5.238,0.017,25,25,24,552,-63,-53.5,-70
11/17/2020  2:00:00 PM,0.349,3.955,0.026,24,25,23,480,-62,-52.5,-68.5
11/17/2020  1:00:00 PM,0.396,4.412,0.018,25,25,25,478,-62,-51,-66.5
11/17/2020  12:00:00 PM,0.361,4.432,0.026,25,25,25,501,-62,-53.5,-68
11/17/2020  11:00:00 AM,0.217,1.205,0.025,25,26,25,63,-63,-54,-68
11/17/2020  10:00:00 AM,0.386,3.653,0.021,26,26,25,258,-62,-53,-72
11/17/2020  9:00:00 AM,0.036,0.047,0.026,26,26,25,29,-62,-54,-66
11/17/2020  8:00:00 AM,0.038,0.051,0.026,26,26,25,30,-61,-54,-66
11/17/2020  7:00:00 AM,0.036,0.057,0.022,26,26,26,30,-61,-56,-66
11/17/2020  6:00:00 AM,0.038,0.053,0.027,26,26,26,30,-63,-55,-66
11/17/2020  5:00:00 AM,0.038,0.057,0.021,26,26,26,30,-62,-54,-66
11/17/2020  4:00:00 AM,0.039,0.055,0.027,26,26,26,30,-61,-53.5,-66
11/17/2020  3:00:00 AM,0.035,0.047,0.021,26,26,26,30,-63,-58,-66.5
11/17/2020  2:00:00 AM,0.037,0.051,0.023,26,26,26,30,-61,-54,-66.5
11/17/2020  1:00:00 AM,0.037,0.048,0.021,26,26,26,30,-61,-54,-66
11/17/2020  12:00:00 AM,0.038,0.062,0.022,26,26,25,30,-62,-55.5,-66
11/16/2020  11:00:00 PM,0.037,0.052,0.022,25,26,25,30,-62,-55.5,-66.5
11/16/2020  10:00:00 PM,0.4,3.797,0.015,25,25,25,177,-62,-54,-67.5
11/16/2020  9:00:00 PM,0.411,4.761,0.025,25,25,25,209,-62,-54,-67
11/16/2020  8:00:00 PM,0.396,5.911,0.022,25,25,25,355,-62,-52.5,-67
11/16/2020  7:00:00 PM,0.409,5.658,0.025,25,25,25,362,-63,-54.5,-68
11/16/2020  6:00:00 PM,0.367,5.277,0.017,25,25,25,460,-63,-53.5,-73.5
11/16/2020  5:00:00 PM,0.39,4.025,0.022,25,25,24,414,-62,-52,-70.5
11/16/2020  4:00:00 PM,0.423,9.648,0.026,25,26,25,473,-63,-51.5,-76
11/16/2020  3:00:00 PM,0.411,4.713,0.026,26,26,25,362,-63,-54,-69
11/16/2020  2:00:00 PM,0.385,4.081,0.022,25,25,24,429,-63,-54,-69
11/16/2020  1:00:00 PM,0.157,1.232,0.027,25,25,25,55,-62,-55,-68
11/16/2020  12:00:00 PM,0.411,5.365,0.026,25,26,25,394,-63,-52.5,-68
11/16/2020  11:00:00 AM,0.366,4.295,0.025,26,26,25,574,-62,-54.5,-67
11/16/2020  10:00:00 AM,0.04,0.158,0.025,26,26,25,31,-63,-57.5,-65.5
11/16/2020  9:00:00 AM,0.038,0.051,0.025,26,26,25,30,-62,-55.5,-65
11/16/2020  8:00:00 AM,0.038,0.047,0.026,25,26,25,29,-61,-56,-65
11/16/2020  7:00:00 AM,0.036,0.053,0.022,26,26,26,30,-61,-52.5,-65.5
11/16/2020  6:00:00 AM,0.036,0.048,0.025,26,26,26,30,-61,-54,-65.5
11/16/2020  5:00:00 AM,0.038,0.051,0.025,26,26,25,30,-61,-53,-65
11/16/2020  4:00:00 AM,0.038,0.056,0.022,25,26,25,30,-61,-52.5,-65
11/16/2020  3:00:00 AM,0.038,0.052,0.025,26,26,26,30,-62,-53,-65
11/16/2020  2:00:00 AM,0.036,0.047,0.023,26,26,25,30,-62,-52,-65.5
11/16/2020  1:00:00 AM,0.04,0.053,0.018,25,26,25,30,-61,-53,-65
11/16/2020  12:00:00 AM,0.036,0.048,0.022,26,26,25,30,-61,-53.5,-65.5
11/15/2020  11:00:00 PM,0.036,0.052,0.023,26,26,26,30,-61,-55,-65
11/15/2020  10:00:00 PM,0.037,0.055,0.023,26,26,25,29,-61,-53,-65
11/15/2020  9:00:00 PM,0.047,0.18,0.025,25,26,25,32,-61,-53,-65
11/15/2020  8:00:00 PM,0.436,3.792,0.02,25,26,25,365,-61,-52.5,-66
11/15/2020  7:00:00 PM,0.418,3.521,0.023,25,26,25,356,-62,-53.5,-74.5
11/15/2020  6:00:00 PM,0.35,3.937,0.023,25,26,25,106,-61,-53.5,-68.5
11/15/2020  5:00:00 PM,0.378,4.531,0.028,25,25,25,442,-62,-54.5,-67
11/15/2020  4:00:00 PM,0.038,0.051,0.025,25,26,25,29,-62,-55.5,-64.5
11/15/2020  3:00:00 PM,0.058,0.311,0.022,25,25,25,35,-62,-55.5,-65.5
11/15/2020  2:00:00 PM,0.407,5.76,0.028,25,25,25,503,-62,-52.5,-67.5
11/15/2020  1:00:00 PM,0.272,2.018,0.016,25,25,24,121,-62,-53.5,-67
11/15/2020  12:00:00 PM,0.038,0.058,0.02,25,25,25,30,-61,-54.5,-66
11/15/2020  11:00:00 AM,0.037,0.046,0.026,25,25,25,30,-62,-54.5,-65.5
11/15/2020  10:00:00 AM,0.036,0.046,0.022,25,25,25,29,-63,-53.5,-66
11/15/2020  9:00:00 AM,0.035,0.053,0.022,25,25,25,29,-62,-55.5,-66
11/15/2020  8:00:00 AM,0.037,0.052,0.025,25,25,25,30,-63,-54.5,-66
11/15/2020  7:00:00 AM,0.037,0.047,0.026,25,25,25,30,-62,-53.5,-66
11/15/2020  6:00:00 AM,0.038,0.05,0.018,25,25,24,30,-61,-54.5,-66
11/15/2020  5:00:00 AM,0.037,0.052,0.026,25,26,25,30,-62,-54,-66
11/15/2020  4:00:00 AM,0.038,0.056,0.025,25,25,25,30,-62,-53.5,-65.5
11/15/2020  3:00:00 AM,0.038,0.056,0.02,25,25,25,30,-62,-54,-66
11/15/2020  2:00:00 AM,0.037,0.057,0.023,25,25,25,30,-62,-55,-65.5
11/15/2020  1:00:00 AM,0.037,0.053,0.018,25,25,25,29,-62,-55.5,-65.5
11/15/2020  12:00:00 AM,0.038,0.048,0.026,25,25,25,30,-61,-54.5,-65.5