time,g,Â°C,rssi
12/14/2020  11:59:32 PM,0.04,25,-63
12/14/2020  11:57:32 PM,0.025,25,-57.5
12/14/2020  11:55:32 PM,0.041,25,-63
12/14/2020  11:53:31 PM,0.033,25,-62.5
12/14/2020  11:51:31 PM,0.04,25,-62
12/14/2020  11:49:31 PM,0.038,25,-63
12/14/2020  11:47:31 PM,0.045,25,-61
12/14/2020  11:45:31 PM,0.031,25,-61
12/14/2020  11:43:31 PM,0.046,25,-64
12/14/2020  11:41:31 PM,0.041,25,-64
12/14/2020  11:39:30 PM,0.045,25,-60
12/14/2020  11:37:30 PM,0.035,25,-65
12/14/2020  11:35:30 PM,0.023,25,-58.5
12/14/2020  11:33:30 PM,0.041,25,-61.5
12/14/2020  11:31:30 PM,0.036,25,-57
12/14/2020  11:29:30 PM,0.028,25,-64.5
12/14/2020  11:27:30 PM,0.041,25,-62.5
12/14/2020  11:25:29 PM,0.027,25,-63
12/14/2020  11:23:29 PM,0.041,25,-64.5
12/14/2020  11:21:29 PM,0.033,25,-63
12/14/2020  11:19:29 PM,0.03,25,-63
12/14/2020  11:17:29 PM,0.045,25,-63
12/14/2020  11:15:29 PM,0.036,25,-61.5
12/14/2020  11:13:28 PM,0.018,25,-60
12/14/2020  11:11:28 PM,0.04,25,-63
12/14/2020  11:09:28 PM,0.045,25,-63.5
12/14/2020  11:07:28 PM,0.03,25,-61.5
12/14/2020  11:05:28 PM,0.033,25,-63
12/14/2020  11:03:27 PM,0.031,25,-65
12/14/2020  11:01:27 PM,0.028,25,-57
12/14/2020  10:59:27 PM,0.035,25,-63
12/14/2020  10:57:27 PM,0.043,25,-64.5
12/14/2020  10:55:27 PM,0.026,25,-58.5
12/14/2020  10:53:27 PM,0.037,25,-62.5
12/14/2020  10:51:26 PM,0.036,25,-64.5
12/14/2020  10:49:26 PM,0.022,25,-63
12/14/2020  10:47:26 PM,0.048,25,-55
12/14/2020  10:45:26 PM,0.041,25,-63
12/14/2020  10:43:26 PM,0.037,25,-62.5
12/14/2020  10:41:25 PM,0.037,25,-63.5
12/14/2020  10:39:25 PM,0.045,25,-62
12/14/2020  10:37:25 PM,0.036,25,-60.5
12/14/2020  10:35:25 PM,0.037,25,-62
12/14/2020  10:33:25 PM,0.038,25,-59
12/14/2020  10:31:25 PM,0.046,25,-63
12/14/2020  10:29:24 PM,0.023,25,-63
12/14/2020  10:27:24 PM,0.042,25,-64.5
12/14/2020  10:25:24 PM,0.032,25,-63
12/14/2020  10:23:24 PM,0.041,25,-63
12/14/2020  10:21:24 PM,0.035,25,-56
12/14/2020  10:19:23 PM,0.032,25,-62
12/14/2020  10:17:23 PM,0.045,25,-62.5
12/14/2020  10:15:23 PM,0.048,25,-63.5
12/14/2020  10:13:23 PM,0.042,25,-63.5
12/14/2020  10:11:23 PM,0.036,25,-63.5
12/14/2020  10:09:23 PM,0.038,25,-58.5
12/14/2020  10:07:22 PM,0.047,25,-63.5
12/14/2020  10:05:22 PM,0.041,25,-55.5
12/14/2020  10:03:22 PM,0.042,25,-60.5
12/14/2020  10:01:22 PM,0.052,25,-63
12/14/2020  9:59:22 PM,0.041,25,-56
12/14/2020  9:57:22 PM,0.026,25,-64
12/14/2020  9:55:22 PM,0.037,25,-63
12/14/2020  9:53:21 PM,0.046,25,-58
12/14/2020  9:51:21 PM,0.03,25,-57
12/14/2020  9:49:21 PM,0.041,25,-65
12/14/2020  9:47:21 PM,0.05,25,-57
12/14/2020  9:45:21 PM,0.038,25,-58.5
12/14/2020  9:43:21 PM,0.032,25,-63
12/14/2020  9:41:21 PM,0.056,25,-63
12/14/2020  9:39:20 PM,0.023,25,-61
12/14/2020  9:38:50 PM,0.127,25,-60
12/14/2020  9:38:49 PM,0.23,25,-62.5
12/14/2020  9:38:46 PM,0.368,25,-57.5
12/14/2020  9:38:45 PM,0.838,25,-64
12/14/2020  9:38:43 PM,0.172,25,-63
12/14/2020  9:38:36 PM,0.052,25,-65
12/14/2020  9:38:34 PM,0.177,25,-65
12/14/2020  9:38:12 PM,0.057,25,-61
12/14/2020  9:38:08 PM,0.168,25,-64
12/14/2020  9:38:06 PM,0.052,25,-59.5
12/14/2020  9:38:02 PM,0.158,25,-63
12/14/2020  9:38:00 PM,0.273,25,-63
12/14/2020  9:37:57 PM,0.187,25,-60.5
12/14/2020  9:37:36 PM,0.068,25,-58.5
12/14/2020  9:37:34 PM,0.172,25,-64
12/14/2020  9:37:32 PM,0.356,25,-64
12/14/2020  9:36:29 PM,0.068,25,-63.5
12/14/2020  9:36:27 PM,0.185,25,-63
12/14/2020  9:36:26 PM,0.546,25,-63.5
12/14/2020  9:36:24 PM,0.085,25,-63.5
12/14/2020  9:36:21 PM,0.205,25,-63
12/14/2020  9:36:20 PM,0.313,25,-62.5
12/14/2020  9:36:19 PM,0.45,25,-60
12/14/2020  9:36:18 PM,0.627,25,-62
12/14/2020  9:36:17 PM,0.37,25,-62
12/14/2020  9:36:14 PM,0.141,25,-64
12/14/2020  9:36:12 PM,0.862,25,-64.5
12/14/2020  9:35:45 PM,0.073,25,-65
12/14/2020  9:35:43 PM,0.18,25,-58
12/14/2020  9:35:28 PM,0.076,25,-59.5
12/14/2020  9:35:26 PM,0.185,25,-63.5
12/14/2020  9:35:25 PM,0.515,25,-64
12/14/2020  9:35:16 PM,0.033,25,-58.5
12/14/2020  9:35:00 PM,0.136,25,-60
12/14/2020  9:34:59 PM,0.478,25,-62.5
12/14/2020  9:34:19 PM,0.056,25,-64.5
12/14/2020  9:34:13 PM,0.158,25,-62.5
12/14/2020  9:33:53 PM,0.05,25,-62
12/14/2020  9:33:51 PM,0.18,25,-65
12/14/2020  9:33:43 PM,0.041,25,-65
12/14/2020  9:33:31 PM,0.146,25,-62.5
12/14/2020  9:33:30 PM,0.276,25,-58.5
12/14/2020  9:33:29 PM,0.665,25,-65
12/14/2020  9:33:27 PM,0.082,25,-62
12/14/2020  9:33:25 PM,0.185,25,-63
12/14/2020  9:33:24 PM,0.323,25,-62
12/14/2020  9:33:22 PM,1.983,25,-64
12/14/2020  9:33:15 PM,0.095,25,-65.5
12/14/2020  9:32:58 PM,0.047,25,-63.5
12/14/2020  9:32:54 PM,0.151,25,-56.5
12/14/2020  9:32:53 PM,0.261,25,-65
12/14/2020  9:32:52 PM,0.75,25,-64
12/14/2020  9:32:49 PM,0.172,25,-64.5
12/14/2020  9:32:44 PM,0.152,25,-65.5
12/14/2020  9:31:46 PM,0.047,25,-64.5
12/14/2020  9:31:38 PM,0.151,25,-58.5
12/14/2020  9:31:37 PM,0.268,25,-63
12/14/2020  9:31:35 PM,0.466,25,-63
12/14/2020  9:31:24 PM,0.061,25,-64.5
12/14/2020  9:31:22 PM,0.212,25,-64.5
12/14/2020  9:31:21 PM,0.45,25,-63.5
12/14/2020  9:30:38 PM,0.052,25,-60.5
12/14/2020  9:30:34 PM,0.163,25,-61
12/14/2020  9:30:29 PM,0.083,25,-64.5
12/14/2020  9:30:27 PM,0.201,25,-63.5
12/14/2020  9:30:26 PM,0.488,25,-66.5
12/14/2020  9:30:09 PM,0.057,25,-62
12/14/2020  9:30:06 PM,0.158,25,-64.5
12/14/2020  9:30:05 PM,0.295,25,-64
12/14/2020  9:30:04 PM,0.826,25,-60.5
12/14/2020  9:30:02 PM,0.31,25,-65
12/14/2020  9:30:00 PM,0.042,25,-57.5
12/14/2020  9:29:57 PM,0.171,25,-65.5
12/14/2020  9:29:55 PM,0.353,25,-62.5
12/14/2020  9:29:49 PM,0.086,25,-63
12/14/2020  9:29:47 PM,0.188,25,-60
12/14/2020  9:29:19 PM,0.031,25,-62.5
12/14/2020  9:29:12 PM,0.146,25,-57
12/14/2020  9:29:11 PM,0.247,25,-61
12/14/2020  9:29:09 PM,0.683,25,-63.5
12/14/2020  9:29:07 PM,2.95,25,-56
12/14/2020  9:28:32 PM,0.037,25,-56
12/14/2020  9:28:27 PM,0.14,25,-62.5
12/14/2020  9:28:26 PM,0.257,25,-63
12/14/2020  9:28:25 PM,0.775,25,-61.5
12/14/2020  9:28:14 PM,0.03,25,-60
12/14/2020  9:27:57 PM,0.131,25,-63
12/14/2020  9:27:53 PM,0.24,25,-60
12/14/2020  9:27:50 PM,0.045,25,-64
12/14/2020  9:27:46 PM,0.16,25,-62.5
12/14/2020  9:27:45 PM,0.268,25,-64.5
12/14/2020  9:27:44 PM,0.42,25,-64.5
12/14/2020  9:27:42 PM,2.445,25,-61
12/14/2020  9:27:23 PM,0.073,25,-62
12/14/2020  9:27:20 PM,0.182,25,-61
12/14/2020  9:27:19 PM,0.332,25,-58
12/14/2020  9:27:18 PM,0.573,25,-60
12/14/2020  9:27:17 PM,1.133,25,-64
12/14/2020  9:26:49 PM,0.067,25,-63
12/14/2020  9:26:47 PM,0.171,25,-64
12/14/2020  9:26:45 PM,0.368,25,-56.5
12/14/2020  9:26:44 PM,0.858,25,-66.5
12/14/2020  9:26:43 PM,1.828,25,-58.5
12/14/2020  9:26:27 PM,0.043,25,-61.5
12/14/2020  9:26:16 PM,0.147,25,-54
12/14/2020  9:26:15 PM,0.295,25,-58
12/14/2020  9:26:14 PM,0.768,25,-62.5
12/14/2020  9:26:12 PM,0.15,25,-59
12/14/2020  9:26:11 PM,0.357,25,-62.5
12/14/2020  9:26:08 PM,0.087,25,-61
12/14/2020  9:26:06 PM,0.211,25,-62
12/14/2020  9:26:05 PM,0.433,25,-55.5
12/14/2020  9:26:02 PM,0.087,25,-63
12/14/2020  9:26:00 PM,0.232,25,-59
12/14/2020  9:25:59 PM,0.432,25,-59.5
12/14/2020  9:25:58 PM,0.831,25,-65.5
12/14/2020  9:25:56 PM,4.676,25,-65.5
12/14/2020  9:25:50 PM,0.063,25,-63
12/14/2020  9:25:47 PM,0.172,25,-64
12/14/2020  9:25:44 PM,0.481,25,-63
12/14/2020  9:25:30 PM,0.082,25,-63.5
12/14/2020  9:25:29 PM,0.235,25,-64
12/14/2020  9:24:39 PM,0.088,25,-62.5
12/14/2020  9:24:37 PM,0.23,25,-56.5
12/14/2020  9:24:30 PM,0.065,25,-66.5
12/14/2020  9:24:28 PM,0.172,25,-58
12/14/2020  9:24:27 PM,0.332,25,-64
12/14/2020  9:24:25 PM,1.8,25,-63
12/14/2020  9:24:12 PM,0.137,25,-64
12/14/2020  9:24:11 PM,0.242,25,-64
12/14/2020  9:24:09 PM,0.961,25,-61.5
12/14/2020  9:23:55 PM,0.072,25,-63
12/14/2020  9:23:52 PM,0.175,25,-64
12/14/2020  9:23:51 PM,0.456,25,-57
12/14/2020  9:23:37 PM,0.098,25,-54.5
12/14/2020  9:23:35 PM,0.235,25,-64.5
12/14/2020  9:23:34 PM,0.791,25,-63.5
12/14/2020  9:23:30 PM,0.042,25,-65
12/14/2020  9:23:27 PM,0.162,25,-63
12/14/2020  9:23:25 PM,0.397,25,-63.5
12/14/2020  9:22:59 PM,0.055,25,-61
12/14/2020  9:22:56 PM,0.16,25,-63.5
12/14/2020  9:22:54 PM,0.671,25,-65
12/14/2020  9:22:42 PM,0.1,25,-63.5
12/14/2020  9:22:40 PM,0.203,25,-63
12/14/2020  9:22:39 PM,0.495,25,-61
12/14/2020  9:22:37 PM,0.167,25,-63.5
12/14/2020  9:22:34 PM,0.217,25,-65.5
12/14/2020  9:22:28 PM,0.086,25,-65.5
12/14/2020  9:22:26 PM,0.2,25,-62.5
12/14/2020  9:22:25 PM,0.362,25,-60.5
12/14/2020  9:22:24 PM,0.723,25,-65
12/14/2020  9:22:23 PM,0.893,25,-64.5
12/14/2020  9:21:35 PM,0.09,25,-60.5
12/14/2020  9:21:33 PM,0.211,25,-63.5
12/14/2020  9:21:31 PM,0.532,25,-64
12/14/2020  9:20:51 PM,0.073,25,-62.5
12/14/2020  9:20:49 PM,0.206,25,-60
12/14/2020  9:20:48 PM,0.413,25,-62
12/14/2020  9:19:06 PM,0.073,25,-63.5
12/14/2020  9:19:04 PM,0.18,25,-65
12/14/2020  9:18:58 PM,0.05,25,-61
12/14/2020  9:18:55 PM,0.155,25,-64
12/14/2020  9:18:48 PM,0.143,25,-63
12/14/2020  9:18:46 PM,0.481,25,-62.5
12/14/2020  9:18:41 PM,0.138,25,-66
12/14/2020  9:18:40 PM,0.247,25,-65.5
12/14/2020  9:18:39 PM,0.717,25,-62.5
12/14/2020  9:18:25 PM,0.098,25,-64.5
12/14/2020  9:18:23 PM,0.213,25,-64.5
12/14/2020  9:18:20 PM,0.162,25,-64.5
12/14/2020  9:18:19 PM,0.317,25,-65.5
12/14/2020  9:18:17 PM,0.448,25,-64
12/14/2020  9:18:16 PM,1.02,25,-59.5
12/14/2020  9:18:14 PM,4.076,25,-64.5
12/14/2020  9:18:00 PM,0.038,25,-64.5
12/14/2020  9:17:57 PM,0.145,25,-63
12/14/2020  9:17:56 PM,0.432,25,-66
12/14/2020  9:17:43 PM,0.028,25,-64.5
12/14/2020  9:17:29 PM,0.133,25,-67
12/14/2020  9:17:28 PM,0.322,25,-64.5
12/14/2020  9:17:26 PM,0.08,25,-64
12/14/2020  9:17:23 PM,0.181,25,-61
12/14/2020  9:17:12 PM,0.052,25,-60.5
12/14/2020  9:17:05 PM,0.156,25,-64.5
12/14/2020  9:16:59 PM,0.052,25,-64.5
12/14/2020  9:16:56 PM,0.156,25,-64
12/14/2020  9:16:55 PM,0.322,25,-65.5
12/14/2020  9:16:25 PM,0.111,25,-63.5
12/14/2020  9:16:00 PM,0.123,25,-62.5
12/14/2020  9:15:57 PM,0.265,25,-63.5
12/14/2020  9:15:48 PM,0.048,25,-67
12/14/2020  9:15:44 PM,0.161,25,-65
12/14/2020  9:15:43 PM,0.295,25,-64.5
12/14/2020  9:15:39 PM,0.085,25,-61
12/14/2020  9:15:33 PM,0.192,25,-64.5
12/14/2020  9:15:32 PM,0.543,25,-61.5
12/14/2020  9:15:29 PM,0.068,25,-60
12/14/2020  9:15:26 PM,0.175,25,-65.5
12/14/2020  9:15:24 PM,0.846,25,-62.5
12/14/2020  9:15:16 PM,0.13,25,-60.5
12/14/2020  9:15:15 PM,0.231,25,-60.5
12/14/2020  9:15:14 PM,0.442,25,-61.5
12/14/2020  9:15:12 PM,3.201,25,-64.5
12/14/2020  9:14:57 PM,0.08,25,-63
12/14/2020  9:14:55 PM,0.212,25,-64.5
12/14/2020  9:14:27 PM,0.098,25,-58
12/14/2020  9:14:26 PM,0.235,25,-62.5
12/14/2020  9:13:14 PM,0.171,25,-63.5
12/14/2020  9:13:13 PM,0.302,25,-64
12/14/2020  9:13:01 PM,0.047,25,-62.5
12/14/2020  9:12:58 PM,0.148,25,-65.5
12/14/2020  9:12:57 PM,0.292,25,-62.5
12/14/2020  9:12:55 PM,0.161,25,-63.5
12/14/2020  9:12:54 PM,0.277,25,-62
12/14/2020  9:12:50 PM,0.227,25,-61
12/14/2020  9:12:49 PM,0.487,25,-63
12/14/2020  9:12:47 PM,1.296,25,-61.5
12/14/2020  9:12:40 PM,0.056,25,-64.5
12/14/2020  9:12:36 PM,0.158,25,-64
12/14/2020  9:12:32 PM,0.048,25,-61
12/14/2020  9:12:28 PM,0.15,25,-63.5
12/14/2020  9:12:26 PM,0.035,25,-63.5
12/14/2020  9:12:17 PM,0.136,25,-62
12/14/2020  9:12:16 PM,0.245,25,-64.5
12/14/2020  9:12:15 PM,0.468,25,-64
12/14/2020  9:12:14 PM,0.98,25,-65.5
12/14/2020  9:11:38 PM,0.122,25,-65
12/14/2020  9:11:35 PM,0.313,25,-55.5
12/14/2020  9:10:17 PM,0.077,25,-65.5
12/14/2020  9:10:15 PM,0.2,25,-65
12/14/2020  9:10:13 PM,0.427,25,-66
12/14/2020  9:10:06 PM,0.056,25,-65.5
12/14/2020  9:10:03 PM,0.181,25,-64.5
12/14/2020  9:10:02 PM,0.352,25,-62.5
12/14/2020  9:09:51 PM,0.072,25,-66
12/14/2020  9:09:50 PM,0.181,25,-66.5
12/14/2020  9:09:34 PM,0.05,25,-66.5
12/14/2020  9:09:30 PM,0.152,25,-64
12/14/2020  9:09:20 PM,0.047,25,-65.5
12/14/2020  9:09:17 PM,0.15,25,-64.5
12/14/2020  9:09:16 PM,0.305,25,-65.5
12/14/2020  9:09:12 PM,0.088,25,-63
12/14/2020  9:09:04 PM,0.207,25,-62
12/14/2020  9:08:56 PM,0.046,25,-63.5
12/14/2020  9:08:47 PM,0.167,25,-62
12/14/2020  9:08:36 PM,0.027,25,-61.5
12/14/2020  9:08:27 PM,0.133,25,-57
12/14/2020  9:08:26 PM,0.262,25,-58
12/14/2020  9:08:01 PM,0.088,25,-64
12/14/2020  9:07:59 PM,0.201,25,-64
12/14/2020  9:07:28 PM,0.093,25,-64
12/14/2020  9:07:27 PM,0.207,25,-63.5
12/14/2020  9:07:05 PM,0.103,25,-57.5
12/14/2020  9:06:50 PM,0.032,25,-60.5
12/14/2020  9:06:37 PM,0.135,25,-57
12/14/2020  9:06:36 PM,0.323,25,-64
12/14/2020  9:06:28 PM,0.046,25,-63.5
12/14/2020  9:06:20 PM,0.151,25,-62.5
12/14/2020  9:06:18 PM,0.313,25,-59.5
12/14/2020  9:06:12 PM,0.237,25,-64.5
12/14/2020  9:05:47 PM,0.086,25,-64
12/14/2020  9:05:45 PM,0.242,25,-63
12/14/2020  9:05:43 PM,0.513,25,-61
12/14/2020  9:05:35 PM,0.068,25,-59
12/14/2020  9:05:31 PM,0.172,25,-63
12/14/2020  9:05:30 PM,0.293,25,-63.5
12/14/2020  9:05:23 PM,0.088,25,-65
12/14/2020  9:05:21 PM,0.213,25,-60.5
12/14/2020  9:05:16 PM,0.112,25,-59.5
12/14/2020  9:05:15 PM,0.24,25,-62
12/14/2020  9:05:14 PM,0.567,25,-60
12/14/2020  9:05:09 PM,0.068,25,-60.5
12/14/2020  9:05:07 PM,0.197,25,-60.5
12/14/2020  9:05:06 PM,0.073,25,-63
12/14/2020  9:05:04 PM,0.188,25,-61
12/14/2020  9:05:03 PM,0.36,25,-60
12/14/2020  9:05:02 PM,0.251,25,-63
12/14/2020  9:04:47 PM,0.09,25,-62
12/14/2020  9:04:46 PM,0.211,25,-59
12/14/2020  9:04:34 PM,0.098,25,-63
12/14/2020  9:04:32 PM,0.22,25,-63
12/14/2020  9:04:31 PM,0.403,25,-63
12/14/2020  9:04:12 PM,0.073,25,-60.5
12/14/2020  9:04:10 PM,0.227,25,-63.5
12/14/2020  9:04:09 PM,0.361,25,-62.5
12/14/2020  9:04:06 PM,0.208,25,-60.5
12/14/2020  9:03:42 PM,0.073,25,-62
12/14/2020  9:03:40 PM,0.193,25,-61.5
12/14/2020  9:03:39 PM,0.493,25,-61
12/14/2020  9:03:31 PM,0.032,25,-62
12/14/2020  9:03:20 PM,0.136,25,-60
12/14/2020  9:03:18 PM,0.305,25,-61.5
12/14/2020  9:03:10 PM,0.133,25,-64
12/14/2020  9:03:08 PM,0.465,25,-63
12/14/2020  9:03:06 PM,1.423,25,-57
12/14/2020  9:03:05 PM,0.943,25,-58.5
12/14/2020  9:03:04 PM,1.133,25,-63
12/14/2020  9:02:23 PM,0.085,25,-58.5
12/14/2020  9:02:21 PM,0.213,25,-64
12/14/2020  9:02:20 PM,0.335,25,-62.5
12/14/2020  9:02:00 PM,0.041,25,-70.5
12/14/2020  9:01:49 PM,0.145,25,-65
12/14/2020  9:01:46 PM,0.341,25,-63
12/14/2020  9:01:43 PM,0.19,25,-61
12/14/2020  9:01:29 PM,0.035,25,-63.5
12/14/2020  9:01:25 PM,0.141,25,-65.5
12/14/2020  9:01:24 PM,0.247,25,-66
12/14/2020  9:01:21 PM,0.715,25,-66
12/14/2020  9:01:20 PM,1.581,25,-59
12/14/2020  9:01:19 PM,2.7,25,-60
12/14/2020  9:01:07 PM,0.068,25,-62.5
12/14/2020  9:01:05 PM,0.192,25,-65
12/14/2020  9:01:03 PM,0.358,25,-66.5
12/14/2020  9:00:14 PM,0.042,25,-66
12/14/2020  9:00:07 PM,0.148,25,-62.5
12/14/2020  8:59:27 PM,0.04,25,-60.5
12/14/2020  8:59:22 PM,0.143,25,-58
12/14/2020  8:59:21 PM,0.335,25,-64.5
12/14/2020  8:59:18 PM,0.187,25,-62.5
12/14/2020  8:59:17 PM,0.53,25,-66
12/14/2020  8:59:10 PM,0.053,25,-63
12/14/2020  8:59:07 PM,0.167,25,-63
12/14/2020  8:59:06 PM,0.323,25,-61
12/14/2020  8:58:56 PM,0.068,25,-60.5
12/14/2020  8:58:53 PM,0.275,25,-63.5
12/14/2020  8:58:52 PM,0.483,25,-61.5
12/14/2020  8:58:49 PM,1.825,25,-63
12/14/2020  8:58:39 PM,0.087,25,-63.5
12/14/2020  8:58:37 PM,0.2,25,-60
12/14/2020  8:58:36 PM,0.413,25,-62.5
12/14/2020  8:58:31 PM,0.108,25,-64.5
12/14/2020  8:58:29 PM,0.211,25,-63
12/14/2020  8:58:02 PM,0.073,25,-65.5
12/14/2020  8:57:55 PM,0.207,25,-63.5
12/14/2020  8:57:49 PM,0.085,25,-62.5
12/14/2020  8:56:50 PM,0.07,25,-63.5
12/14/2020  8:56:48 PM,0.171,25,-64
12/14/2020  8:56:47 PM,0.328,25,-60.5
12/14/2020  8:56:37 PM,0.086,25,-64.5
12/14/2020  8:56:35 PM,0.215,25,-59
12/14/2020  8:56:34 PM,0.441,25,-61.5
12/14/2020  8:55:16 PM,0.062,25,-64
12/14/2020  8:55:13 PM,0.186,25,-62
12/14/2020  8:55:12 PM,0.427,25,-64.5
12/14/2020  8:54:46 PM,0.051,25,-64.5
12/14/2020  8:54:44 PM,0.16,25,-65.5
12/14/2020  8:54:43 PM,0.353,25,-67.5
12/14/2020  8:54:32 PM,0.107,25,-66
12/14/2020  8:53:36 PM,0.05,25,-64.5
12/14/2020  8:53:33 PM,0.155,25,-65
12/14/2020  8:52:45 PM,0.06,25,-65.5
12/14/2020  8:52:43 PM,0.175,25,-67
12/14/2020  8:52:42 PM,0.311,25,-61.5
12/14/2020  8:52:41 PM,0.59,25,-60
12/14/2020  8:52:39 PM,2.052,25,-59
12/14/2020  8:52:38 PM,4.497,25,-62.5
12/14/2020  8:52:05 PM,0.111,25,-65.5
12/14/2020  8:51:38 PM,0.093,25,-61
12/14/2020  8:51:36 PM,0.425,25,-57
12/14/2020  8:51:35 PM,0.2,25,-54.5
12/14/2020  8:50:54 PM,0.091,25,-62
12/14/2020  8:50:52 PM,0.2,25,-64.5
12/14/2020  8:50:50 PM,0.747,25,-63.5
12/14/2020  8:50:15 PM,0.077,25,-65
12/14/2020  8:50:13 PM,0.211,25,-62
12/14/2020  8:50:12 PM,0.411,25,-58.5
12/14/2020  8:50:05 PM,0.151,25,-54
12/14/2020  8:50:04 PM,0.363,25,-63
12/14/2020  8:50:03 PM,0.587,25,-63
12/14/2020  8:50:02 PM,0.36,25,-63
12/14/2020  8:49:37 PM,0.052,25,-61.5
12/14/2020  8:49:30 PM,0.162,25,-62.5
12/14/2020  8:49:19 PM,0.042,25,-63.5
12/14/2020  8:49:15 PM,0.153,25,-58
12/14/2020  8:49:14 PM,0.287,25,-62.5
12/14/2020  8:49:13 PM,0.505,25,-54
12/14/2020  8:49:11 PM,2.027,25,-64
12/14/2020  8:48:52 PM,0.116,25,-69
12/14/2020  8:48:50 PM,0.242,25,-62.5
12/14/2020  8:48:37 PM,0.1,25,-64
12/14/2020  8:48:36 PM,0.218,25,-62.5
12/14/2020  8:48:32 PM,0.272,25,-60.5
12/14/2020  8:47:11 PM,0.112,25,-61
12/14/2020  8:47:09 PM,0.283,25,-63.5
12/14/2020  8:47:05 PM,0.123,25,-61.5
12/14/2020  8:47:04 PM,0.238,25,-55.5
12/14/2020  8:46:12 PM,0.122,25,-58
12/14/2020  8:46:11 PM,0.272,25,-62.5
12/14/2020  8:45:47 PM,0.05,25,-59
12/14/2020  8:45:44 PM,0.171,25,-59
12/14/2020  8:45:42 PM,0.33,25,-63.5
12/14/2020  8:45:40 PM,0.708,25,-63.5
12/14/2020  8:44:43 PM,0.098,26,-64
12/14/2020  8:43:18 PM,0.038,25,-60
12/14/2020  8:39:18 PM,0.063,25,-62
12/14/2020  8:39:15 PM,0.173,25,-63
12/14/2020  8:39:13 PM,0.042,25,-63
12/14/2020  8:39:04 PM,0.16,25,-61.5
12/14/2020  8:38:51 PM,0.047,25,-59.5
12/14/2020  8:38:48 PM,0.167,25,-63
12/14/2020  8:38:47 PM,0.286,25,-64.5
12/14/2020  8:38:45 PM,1.278,25,-63
12/14/2020  8:38:30 PM,0.117,25,-56
12/14/2020  8:37:05 PM,0.12,25,-62
12/14/2020  8:37:03 PM,0.342,25,-61
12/14/2020  8:37:01 PM,0.086,25,-62
12/14/2020  8:36:59 PM,0.215,25,-62.5
12/14/2020  8:36:56 PM,0.072,25,-65
12/14/2020  8:36:54 PM,0.187,25,-56.5
12/14/2020  8:36:53 PM,0.405,25,-56
12/14/2020  8:36:52 PM,1.22,25,-59.5
12/14/2020  8:35:57 PM,0.111,25,-65
12/14/2020  8:35:55 PM,0.218,25,-62.5
12/14/2020  8:35:46 PM,0.05,25,-59.5
12/14/2020  8:35:43 PM,0.161,25,-63
12/14/2020  8:35:41 PM,0.345,25,-64.5
12/14/2020  8:35:19 PM,0.077,25,-62.5
12/14/2020  8:35:15 PM,0.202,25,-65
12/14/2020  8:34:40 PM,0.101,25,-60
12/14/2020  8:34:38 PM,0.308,25,-63
12/14/2020  8:33:54 PM,0.043,25,-63.5
12/14/2020  8:31:54 PM,0.085,25,-63.5
12/14/2020  8:31:51 PM,0.217,25,-61
12/14/2020  8:31:42 PM,0.108,25,-63.5
12/14/2020  8:31:16 PM,0.101,25,-60
12/14/2020  8:31:13 PM,0.29,25,-63.5
12/14/2020  8:31:11 PM,0.078,25,-63
12/14/2020  8:31:09 PM,0.213,25,-64.5
12/14/2020  8:31:08 PM,0.331,25,-59
12/14/2020  8:31:07 PM,0.221,25,-63.5
12/14/2020  8:31:06 PM,0.061,25,-57
12/14/2020  8:31:04 PM,0.163,25,-62
12/14/2020  8:30:48 PM,0.058,25,-59
12/14/2020  8:28:48 PM,0.108,25,-59.5
12/14/2020  8:28:43 PM,0.287,25,-63
12/14/2020  8:28:42 PM,0.528,25,-61.5
12/14/2020  8:28:12 PM,0.083,25,-57.5
12/14/2020  8:28:10 PM,0.192,25,-60.5
12/14/2020  8:28:07 PM,0.063,25,-62.5
12/14/2020  8:27:55 PM,0.166,25,-64
12/14/2020  8:27:48 PM,0.04,25,-65
12/14/2020  8:27:34 PM,0.141,25,-61
12/14/2020  8:27:33 PM,0.25,25,-63.5
12/14/2020  8:26:48 PM,0.062,25,-63
12/14/2020  8:26:45 PM,0.182,25,-56.5
12/14/2020  8:26:44 PM,0.313,25,-60.5
12/14/2020  8:26:11 PM,0.09,25,-58.5
12/14/2020  8:26:09 PM,0.207,25,-59
12/14/2020  8:26:08 PM,0.355,25,-59
12/14/2020  8:25:43 PM,0.042,25,-64.5
12/14/2020  8:25:40 PM,0.15,25,-63.5
12/14/2020  8:25:39 PM,0.276,25,-64.5
12/14/2020  8:25:16 PM,0.065,25,-63.5
12/14/2020  8:25:14 PM,0.193,25,-62
12/14/2020  8:25:06 PM,0.141,25,-62.5
12/14/2020  8:25:04 PM,0.366,25,-62.5
12/14/2020  8:25:03 PM,1.008,25,-65.5
12/14/2020  8:25:02 PM,2.142,25,-66
12/14/2020  8:24:48 PM,0.077,25,-63
12/14/2020  8:24:46 PM,0.187,25,-62.5
12/14/2020  8:24:40 PM,0.025,25,-61.5
12/14/2020  8:24:35 PM,0.127,25,-60
12/14/2020  8:24:33 PM,0.241,25,-57.5
12/14/2020  8:24:32 PM,0.617,25,-62.5
12/14/2020  8:23:15 PM,0.04,25,-62
12/14/2020  8:21:15 PM,0.051,25,-63
12/14/2020  8:19:15 PM,0.051,25,-60
12/14/2020  8:17:15 PM,0.037,25,-65.5
12/14/2020  8:15:15 PM,0.033,25,-64.5
12/14/2020  8:13:14 PM,0.052,25,-64
12/14/2020  8:11:14 PM,0.032,25,-63.5
12/14/2020  8:09:14 PM,0.033,25,-62
12/14/2020  8:07:14 PM,0.056,25,-63
12/14/2020  8:07:03 PM,0.161,25,-57
12/14/2020  8:07:02 PM,0.448,25,-61
12/14/2020  8:07:00 PM,0.137,25,-63
12/14/2020  8:06:59 PM,0.303,25,-63.5
12/14/2020  8:06:23 PM,0.107,25,-61.5
12/14/2020  8:06:21 PM,0.232,25,-63.5
12/14/2020  8:06:00 PM,0.126,25,-64
12/14/2020  8:05:58 PM,0.401,25,-63.5
12/14/2020  8:05:49 PM,0.052,25,-64.5
12/14/2020  8:05:41 PM,0.161,25,-56.5
12/14/2020  8:04:40 PM,0.042,25,-63
12/14/2020  8:02:40 PM,0.057,25,-63
12/14/2020  8:02:35 PM,0.183,25,-65
12/14/2020  8:02:34 PM,0.311,25,-63.5
12/14/2020  8:02:33 PM,0.576,25,-62.5
12/14/2020  8:02:31 PM,0.152,25,-62.5
12/14/2020  8:02:30 PM,0.382,25,-64
12/14/2020  8:01:21 PM,0.041,25,-64.5
12/14/2020  8:01:17 PM,0.145,25,-62.5
12/14/2020  8:01:15 PM,0.272,25,-61.5
12/14/2020  8:01:13 PM,0.153,25,-64.5
12/14/2020  8:00:54 PM,0.063,25,-63.5
12/14/2020  8:00:49 PM,0.167,25,-63
12/14/2020  8:00:37 PM,0.037,25,-64
12/14/2020  7:58:37 PM,0.046,25,-64
12/14/2020  7:56:37 PM,0.045,25,-57.5
12/14/2020  7:56:33 PM,0.15,25,-61.5
12/14/2020  7:56:32 PM,0.345,25,-63
12/14/2020  7:56:26 PM,0.127,25,-64.5
12/14/2020  7:56:25 PM,0.235,25,-63
12/14/2020  7:56:21 PM,0.213,25,-63.5
12/14/2020  7:56:10 PM,0.105,25,-62
12/14/2020  7:56:09 PM,0.24,25,-62.5
12/14/2020  7:56:08 PM,0.132,25,-64.5
12/14/2020  7:56:07 PM,0.281,25,-65
12/14/2020  7:54:30 PM,0.035,25,-63
12/14/2020  7:52:29 PM,0.091,25,-59.5
12/14/2020  7:52:27 PM,0.222,25,-60.5
12/14/2020  7:52:25 PM,0.772,25,-65.5
12/14/2020  7:52:24 PM,2.238,25,-65
12/14/2020  7:52:22 PM,0.165,25,-63
12/14/2020  7:52:21 PM,0.448,25,-63
12/14/2020  7:52:04 PM,0.115,25,-63
12/14/2020  7:52:03 PM,0.307,25,-62
12/14/2020  7:51:59 PM,0.137,25,-60.5
12/14/2020  7:51:58 PM,0.337,25,-61
12/14/2020  7:50:20 PM,0.1,25,-65
12/14/2020  7:50:18 PM,0.228,25,-61.5
12/14/2020  7:50:17 PM,0.43,25,-62
12/14/2020  7:50:12 PM,0.025,25,-62.5
12/14/2020  7:50:01 PM,0.132,25,-65.5
12/14/2020  7:50:00 PM,0.27,25,-63.5
12/14/2020  7:49:41 PM,0.073,25,-62
12/14/2020  7:49:39 PM,0.22,25,-64
12/14/2020  7:49:38 PM,0.392,25,-64.5
12/14/2020  7:49:37 PM,0.782,25,-64.5
12/14/2020  7:49:31 PM,0.107,25,-63
12/14/2020  7:49:25 PM,0.057,25,-64
12/14/2020  7:49:23 PM,0.158,25,-64.5
12/14/2020  7:49:15 PM,0.045,25,-57
12/14/2020  7:49:09 PM,0.153,25,-63.5
12/14/2020  7:48:58 PM,0.066,25,-60.5
12/14/2020  7:48:56 PM,0.17,25,-64
12/14/2020  7:48:54 PM,0.325,25,-62
12/14/2020  7:48:53 PM,0.706,25,-66.5
12/14/2020  7:48:52 PM,3.467,25,-64
12/14/2020  7:48:49 PM,0.082,25,-64.5
12/14/2020  7:48:47 PM,0.223,25,-57
12/14/2020  7:48:46 PM,0.407,25,-64
12/14/2020  7:48:44 PM,3.566,25,-59.5
12/14/2020  7:48:16 PM,0.026,25,-63
12/14/2020  7:48:12 PM,0.131,25,-62.5
12/14/2020  7:48:10 PM,0.245,25,-62.5
12/14/2020  7:48:02 PM,0.11,25,-63.5
12/14/2020  7:48:01 PM,0.272,25,-66
12/14/2020  7:47:39 PM,0.047,25,-63.5
12/14/2020  7:47:27 PM,0.151,25,-64
12/14/2020  7:47:26 PM,0.283,25,-59.5
12/14/2020  7:47:25 PM,0.628,25,-63
12/14/2020  7:47:24 PM,1.628,25,-64
12/14/2020  7:45:46 PM,0.078,25,-64.5
12/14/2020  7:45:44 PM,0.206,25,-63.5
12/14/2020  7:44:49 PM,0.082,25,-64
12/14/2020  7:44:46 PM,0.195,25,-65.5
12/14/2020  7:44:00 PM,0.036,25,-63.5
12/14/2020  7:43:48 PM,0.151,25,-58
12/14/2020  7:43:46 PM,0.575,25,-58
12/14/2020  7:43:45 PM,0.921,25,-60.5
12/14/2020  7:43:43 PM,0.137,25,-64.5
12/14/2020  7:43:42 PM,0.275,25,-61.5
12/14/2020  7:43:28 PM,0.107,25,-62
12/14/2020  7:43:26 PM,0.218,25,-64.5
12/14/2020  7:43:14 PM,0.097,25,-62
12/14/2020  7:43:11 PM,0.213,25,-59
12/14/2020  7:43:08 PM,0.098,25,-56.5
12/14/2020  7:43:06 PM,0.223,25,-56.5
12/14/2020  7:42:48 PM,0.057,25,-62
12/14/2020  7:42:43 PM,0.175,25,-64.5
12/14/2020  7:42:40 PM,0.437,25,-55.5
12/14/2020  7:42:37 PM,0.066,25,-60
12/14/2020  7:42:35 PM,0.176,25,-60
12/14/2020  7:42:28 PM,0.046,25,-66
12/14/2020  7:42:24 PM,0.161,25,-60.5
12/14/2020  7:42:21 PM,0.287,25,-63
12/14/2020  7:41:51 PM,0.045,25,-63.5
12/14/2020  7:41:47 PM,0.146,25,-61
12/14/2020  7:41:46 PM,0.256,25,-65
12/14/2020  7:41:44 PM,2.173,25,-60.5
12/14/2020  7:41:11 PM,0.065,25,-66
12/14/2020  7:41:09 PM,0.195,25,-63.5
12/14/2020  7:41:08 PM,0.307,25,-63
12/14/2020  7:41:04 PM,0.083,25,-63.5
12/14/2020  7:41:00 PM,0.22,25,-62.5
12/14/2020  7:40:59 PM,0.625,25,-60.5
12/14/2020  7:40:05 PM,0.09,25,-61.5
12/14/2020  7:40:04 PM,0.247,25,-61
12/14/2020  7:39:56 PM,0.047,25,-64.5
12/14/2020  7:39:53 PM,0.158,25,-57.5
12/14/2020  7:39:02 PM,0.212,25,-75
12/14/2020  7:38:43 PM,0.08,25,-63.5
12/14/2020  7:38:40 PM,0.188,25,-63.5
12/14/2020  7:38:38 PM,0.741,25,-59
12/14/2020  7:38:37 PM,1.408,25,-56
12/14/2020  7:38:22 PM,0.081,25,-62
12/14/2020  7:38:20 PM,0.208,25,-62.5
12/14/2020  7:38:18 PM,0.787,25,-62.5
12/14/2020  7:38:05 PM,0.131,25,-63.5
12/14/2020  7:37:59 PM,0.065,25,-60
12/14/2020  7:37:57 PM,0.167,25,-62.5
12/14/2020  7:37:47 PM,0.126,25,-62.5
12/14/2020  7:37:46 PM,0.242,25,-65
12/14/2020  7:37:18 PM,0.086,25,-62
12/14/2020  7:37:16 PM,0.217,25,-64
12/14/2020  7:37:14 PM,0.962,25,-56.5
12/14/2020  7:37:13 PM,1.216,25,-63
12/14/2020  7:37:04 PM,0.041,25,-58
12/14/2020  7:36:58 PM,0.147,25,-65
12/14/2020  7:36:08 PM,0.036,25,-61
12/14/2020  7:35:51 PM,0.138,25,-65
12/14/2020  7:35:49 PM,0.291,25,-56.5
12/14/2020  7:35:48 PM,0.743,25,-64
12/14/2020  7:35:47 PM,0.116,25,-62.5
12/14/2020  7:35:20 PM,0.073,25,-59
12/14/2020  7:35:18 PM,0.225,25,-63
12/14/2020  7:35:16 PM,0.387,25,-61
12/14/2020  7:35:15 PM,0.722,25,-61
12/14/2020  7:35:13 PM,0.096,25,-63
12/14/2020  7:35:11 PM,0.202,25,-56.5
12/14/2020  7:35:09 PM,0.095,25,-61.5
12/14/2020  7:35:07 PM,0.232,25,-62.5
12/14/2020  7:34:52 PM,0.098,25,-58.5
12/14/2020  7:34:51 PM,0.277,25,-62.5
12/14/2020  7:34:46 PM,0.097,25,-63
12/14/2020  7:34:25 PM,0.071,25,-58
12/14/2020  7:34:23 PM,0.192,25,-61.5
12/14/2020  7:34:18 PM,0.122,25,-60.5
12/14/2020  7:34:16 PM,0.243,25,-63
12/14/2020  7:34:15 PM,0.438,25,-63.5
12/14/2020  7:34:07 PM,0.078,25,-63
12/14/2020  7:34:05 PM,0.182,25,-62.5
12/14/2020  7:34:03 PM,0.801,25,-56.5
12/14/2020  7:34:02 PM,0.272,25,-60
12/14/2020  7:34:00 PM,0.107,25,-62
12/14/2020  7:33:58 PM,0.267,25,-60.5
12/14/2020  7:33:56 PM,0.412,25,-60
12/14/2020  7:33:16 PM,0.088,25,-57.5
12/14/2020  7:33:14 PM,0.212,25,-58.5
12/14/2020  7:32:40 PM,0.08,25,-63.5
12/14/2020  7:32:38 PM,0.198,25,-60
12/14/2020  7:32:37 PM,0.49,25,-59
12/14/2020  7:32:36 PM,0.28,25,-62
12/14/2020  7:32:30 PM,0.07,25,-63
12/14/2020  7:32:27 PM,0.188,25,-62
12/14/2020  7:32:26 PM,0.355,25,-55.5
12/14/2020  7:31:57 PM,0.11,25,-62
12/14/2020  7:31:56 PM,0.337,25,-62
12/14/2020  7:31:30 PM,0.043,25,-63
12/14/2020  7:31:27 PM,0.152,25,-60.5
12/14/2020  7:31:22 PM,0.112,25,-63
12/14/2020  7:31:19 PM,0.22,25,-62
12/14/2020  7:31:18 PM,0.556,25,-63
12/14/2020  7:31:11 PM,0.061,25,-60.5
12/14/2020  7:31:08 PM,0.17,25,-59.5
12/14/2020  7:31:06 PM,0.585,25,-63
12/14/2020  7:30:43 PM,0.063,25,-55
12/14/2020  7:30:41 PM,0.197,25,-63
12/14/2020  7:30:35 PM,0.057,25,-64
12/14/2020  7:30:32 PM,0.17,25,-63
12/14/2020  7:30:31 PM,0.375,25,-61
12/14/2020  7:29:53 PM,0.123,25,-63.5
12/14/2020  7:29:42 PM,0.101,25,-59
12/14/2020  7:29:40 PM,0.227,25,-61.5
12/14/2020  7:29:18 PM,0.087,25,-62.5
12/14/2020  7:29:16 PM,0.243,25,-63
12/14/2020  7:29:15 PM,0.44,25,-63.5
12/14/2020  7:29:13 PM,0.531,25,-63
12/14/2020  7:29:12 PM,0.983,25,-63
12/14/2020  7:29:11 PM,2.33,25,-62.5
12/14/2020  7:28:54 PM,0.097,25,-63
12/14/2020  7:28:53 PM,0.211,25,-62.5
12/14/2020  7:28:07 PM,0.056,25,-57
12/14/2020  7:28:05 PM,0.163,25,-64
12/14/2020  7:27:39 PM,0.058,25,-61.5
12/14/2020  7:27:36 PM,0.161,25,-62.5
12/14/2020  7:27:35 PM,0.386,25,-61
12/14/2020  7:27:33 PM,0.106,25,-58.5
12/14/2020  7:27:32 PM,0.232,25,-63.5
12/14/2020  7:26:01 PM,0.1,25,-62.5
12/14/2020  7:25:59 PM,0.245,25,-58.5
12/14/2020  7:25:58 PM,0.368,25,-62.5
12/14/2020  7:25:57 PM,0.578,25,-63
12/14/2020  7:25:55 PM,2.833,25,-62.5
12/14/2020  7:24:38 PM,0.088,25,-67
12/14/2020  7:24:36 PM,0.206,25,-57.5
12/14/2020  7:24:35 PM,0.413,25,-61
12/14/2020  7:24:32 PM,0.113,25,-63
12/14/2020  7:24:30 PM,0.06,25,-61.5
12/14/2020  7:24:26 PM,0.172,25,-62
12/14/2020  7:24:24 PM,0.563,25,-57
12/14/2020  7:23:57 PM,0.11,25,-60.5
12/14/2020  7:23:55 PM,0.316,25,-61.5
12/14/2020  7:23:49 PM,0.127,25,-61.5
12/14/2020  7:23:48 PM,0.405,25,-63.5
12/14/2020  7:23:30 PM,0.08,25,-64
12/14/2020  7:23:28 PM,0.187,25,-60.5
12/14/2020  7:22:39 PM,0.078,25,-62
12/14/2020  7:22:37 PM,0.185,25,-58.5
12/14/2020  7:22:36 PM,0.475,25,-62.5
12/14/2020  7:22:34 PM,0.098,25,-62.5
12/14/2020  7:22:23 PM,0.085,25,-58
12/14/2020  7:22:21 PM,0.205,25,-60
12/14/2020  7:22:20 PM,0.621,25,-58.5
12/14/2020  7:22:00 PM,0.097,25,-60
12/14/2020  7:21:58 PM,0.24,25,-59.5
12/14/2020  7:21:51 PM,0.118,25,-64
12/14/2020  7:21:50 PM,0.228,25,-62.5
12/14/2020  7:21:48 PM,0.703,25,-63.5
12/14/2020  7:21:46 PM,0.192,25,-62
12/14/2020  7:21:44 PM,0.958,25,-61
12/14/2020  7:21:43 PM,0.145,25,-64.5
12/14/2020  7:21:42 PM,0.301,25,-60
12/14/2020  7:21:37 PM,0.186,25,-62.5
12/14/2020  7:21:36 PM,0.295,25,-58.5
12/14/2020  7:21:34 PM,1.31,25,-61.5
12/14/2020  7:21:26 PM,0.087,25,-62.5
12/14/2020  7:21:24 PM,0.196,25,-62.5
12/14/2020  7:21:23 PM,0.351,25,-62.5
12/14/2020  7:21:22 PM,0.636,25,-63
12/14/2020  7:21:20 PM,0.311,25,-59.5
12/14/2020  7:21:01 PM,0.053,25,-59
12/14/2020  7:20:58 PM,0.17,25,-62
12/14/2020  7:20:57 PM,0.346,25,-63
12/14/2020  7:20:52 PM,0.047,25,-56.5
12/14/2020  7:20:49 PM,0.155,25,-61.5
12/14/2020  7:20:47 PM,0.316,25,-62
12/14/2020  7:20:45 PM,1.047,25,-60
12/14/2020  7:20:44 PM,2.016,25,-64.5
12/14/2020  7:20:42 PM,0.325,25,-65
12/14/2020  7:20:41 PM,0.687,25,-62.5
12/14/2020  7:20:39 PM,0.076,25,-58
12/14/2020  7:20:37 PM,0.193,25,-65
12/14/2020  7:20:36 PM,0.333,25,-59.5
12/14/2020  7:20:35 PM,0.936,25,-62.5
12/14/2020  7:20:34 PM,3.232,25,-62.5
12/14/2020  7:20:23 PM,0.1,25,-62.5
12/14/2020  7:20:21 PM,0.238,25,-59
12/14/2020  7:20:19 PM,1.652,25,-63
12/14/2020  7:20:18 PM,0.472,25,-63
12/14/2020  7:20:08 PM,0.096,25,-58.5
12/14/2020  7:20:05 PM,0.253,25,-58.5
12/14/2020  7:19:47 PM,0.092,25,-63.5
12/14/2020  7:19:45 PM,0.245,25,-60.5
12/14/2020  7:19:41 PM,0.118,25,-58.5
12/14/2020  7:19:39 PM,0.266,25,-63
12/14/2020  7:19:25 PM,0.068,25,-59
12/14/2020  7:19:23 PM,0.186,25,-59.5
12/14/2020  7:19:22 PM,0.331,25,-59
12/14/2020  7:19:21 PM,0.888,25,-62
12/14/2020  7:19:20 PM,2.191,25,-64
12/14/2020  7:19:12 PM,0.057,25,-63.5
12/14/2020  7:19:09 PM,0.166,25,-63
12/14/2020  7:18:57 PM,0.063,25,-63
12/14/2020  7:18:55 PM,0.165,25,-62.5
12/14/2020  7:18:54 PM,0.457,25,-63
12/14/2020  7:18:48 PM,0.048,25,-63.5
12/14/2020  7:18:43 PM,0.155,25,-62
12/14/2020  7:18:41 PM,0.537,25,-61.5
12/14/2020  7:18:40 PM,0.891,25,-61.5
12/14/2020  7:18:36 PM,0.061,25,-54.5
12/14/2020  7:18:33 PM,0.167,25,-61.5
12/14/2020  7:18:32 PM,0.317,25,-60
12/14/2020  7:18:28 PM,0.035,25,-60
12/14/2020  7:18:15 PM,0.136,25,-63
12/14/2020  7:18:14 PM,0.262,25,-62.5
12/14/2020  7:18:11 PM,0.03,25,-61
12/14/2020  7:17:42 PM,0.132,25,-62
12/14/2020  7:17:41 PM,0.261,25,-63
12/14/2020  7:17:40 PM,0.567,25,-61.5
12/14/2020  7:17:37 PM,0.152,25,-63
12/14/2020  7:17:36 PM,0.273,25,-64.5
12/14/2020  7:17:34 PM,0.083,25,-62
12/14/2020  7:17:32 PM,0.217,25,-64.5
12/14/2020  7:17:31 PM,0.421,25,-62.5
12/14/2020  7:17:25 PM,0.043,25,-60.5
12/14/2020  7:17:11 PM,0.145,25,-61.5
12/14/2020  7:17:08 PM,0.051,25,-61
12/14/2020  7:17:02 PM,0.163,25,-64
12/14/2020  7:16:54 PM,0.116,25,-60
12/14/2020  7:16:53 PM,0.271,25,-63
12/14/2020  7:16:21 PM,0.081,25,-59
12/14/2020  7:16:18 PM,0.201,25,-62.5
12/14/2020  7:16:05 PM,0.091,25,-62
12/14/2020  7:16:03 PM,0.213,25,-58
12/14/2020  7:16:02 PM,0.415,25,-57
12/14/2020  7:15:51 PM,0.072,25,-62
12/14/2020  7:15:47 PM,0.207,25,-59.5
12/14/2020  7:15:46 PM,0.526,25,-63.5
12/14/2020  7:15:38 PM,0.04,25,-56
12/14/2020  7:15:30 PM,0.142,25,-60.5
12/14/2020  7:15:29 PM,0.365,25,-64
12/14/2020  7:15:18 PM,0.087,25,-62
12/14/2020  7:15:16 PM,0.191,25,-63
12/14/2020  7:14:43 PM,0.063,25,-57.5
12/14/2020  7:14:41 PM,0.201,25,-63
12/14/2020  7:14:40 PM,0.476,25,-62
12/14/2020  7:14:39 PM,0.33,25,-63.5
12/14/2020  7:14:11 PM,0.097,25,-59.5
12/14/2020  7:14:08 PM,0.202,25,-60.5
12/14/2020  7:13:36 PM,0.09,25,-62.5
12/14/2020  7:13:35 PM,0.205,25,-59.5
12/14/2020  7:13:34 PM,0.462,25,-61
12/14/2020  7:13:29 PM,0.071,25,-64.5
12/14/2020  7:13:27 PM,0.203,25,-62.5
12/14/2020  7:13:26 PM,0.362,25,-63
12/14/2020  7:13:24 PM,0.687,25,-61.5
12/14/2020  7:13:22 PM,0.043,25,-62.5
12/14/2020  7:13:16 PM,0.146,25,-63.5
12/14/2020  7:13:15 PM,0.26,25,-63
12/14/2020  7:13:13 PM,0.633,25,-60
12/14/2020  7:13:11 PM,0.265,25,-62.5
12/14/2020  7:13:06 PM,0.091,25,-61
12/14/2020  7:13:04 PM,0.225,25,-61
12/14/2020  7:13:03 PM,0.447,25,-62.5
12/14/2020  7:13:02 PM,0.712,25,-61
12/14/2020  7:12:55 PM,0.125,25,-62.5
12/14/2020  7:12:53 PM,0.493,25,-62
12/14/2020  7:12:51 PM,1.958,25,-62.5
12/14/2020  7:12:43 PM,0.142,25,-64
12/14/2020  7:12:41 PM,0.501,25,-62.5
12/14/2020  7:12:39 PM,2.415,25,-62.5
12/14/2020  7:12:37 PM,0.127,25,-62
12/14/2020  7:12:36 PM,0.265,25,-66.5
12/14/2020  7:12:18 PM,0.126,25,-62.5
12/14/2020  7:12:17 PM,0.296,25,-62
12/14/2020  7:11:57 PM,0.057,25,-63
12/14/2020  7:11:52 PM,0.162,25,-61
12/14/2020  7:11:51 PM,0.341,25,-62.5
12/14/2020  7:11:49 PM,0.13,25,-62.5
12/14/2020  7:11:47 PM,0.316,25,-59
12/14/2020  7:11:46 PM,0.43,25,-57.5
12/14/2020  7:11:42 PM,0.171,25,-61.5
12/14/2020  7:11:37 PM,0.053,25,-64
12/14/2020  7:11:34 PM,0.156,25,-62.5
12/14/2020  7:11:33 PM,0.367,25,-62
12/14/2020  7:10:32 PM,0.098,25,-58
12/14/2020  7:10:30 PM,0.212,25,-63
12/14/2020  7:10:10 PM,0.046,25,-62
12/14/2020  7:09:56 PM,0.147,25,-61.5
12/14/2020  7:09:55 PM,0.27,25,-63
12/14/2020  7:09:54 PM,0.51,25,-62
12/14/2020  7:09:52 PM,2.565,25,-57.5
12/14/2020  7:09:28 PM,0.052,25,-63
12/14/2020  7:09:25 PM,0.167,25,-63
12/14/2020  7:09:24 PM,0.302,25,-63.5
12/14/2020  7:09:22 PM,0.98,25,-59.5
12/14/2020  7:08:17 PM,0.067,25,-61
12/14/2020  7:08:15 PM,0.178,25,-62
12/14/2020  7:08:10 PM,0.09,25,-61.5
12/14/2020  7:08:07 PM,0.236,25,-58
12/14/2020  7:07:59 PM,0.086,25,-61.5
12/14/2020  7:05:59 PM,0.081,25,-63
12/14/2020  7:05:57 PM,0.195,25,-61.5
12/14/2020  7:05:56 PM,0.427,25,-63
12/14/2020  7:05:52 PM,0.045,25,-63.5
12/14/2020  7:05:49 PM,0.168,25,-61.5
12/14/2020  7:05:48 PM,0.332,25,-63
12/14/2020  7:05:47 PM,0.705,25,-62.5
12/14/2020  7:05:12 PM,0.11,25,-62.5
12/14/2020  7:05:11 PM,0.276,25,-59.5
12/14/2020  7:05:06 PM,0.093,25,-63
12/14/2020  7:05:04 PM,0.256,25,-58.5
12/14/2020  7:05:03 PM,0.51,25,-63.5
12/14/2020  7:05:01 PM,0.301,25,-64
12/14/2020  7:04:57 PM,0.085,25,-57
12/14/2020  7:04:55 PM,0.206,25,-58
12/14/2020  7:04:53 PM,0.642,25,-63
12/14/2020  7:04:52 PM,1.422,25,-64.5
12/14/2020  7:04:38 PM,0.128,25,-62
12/14/2020  7:04:36 PM,0.483,25,-62.5
12/14/2020  7:04:19 PM,0.065,25,-62.5
12/14/2020  7:04:18 PM,0.177,25,-58
12/14/2020  7:04:16 PM,0.34,25,-63
12/14/2020  7:04:08 PM,0.095,25,-63
12/14/2020  7:04:05 PM,0.212,25,-61.5
12/14/2020  7:04:04 PM,0.373,25,-62
12/14/2020  7:04:03 PM,0.756,25,-64
12/14/2020  7:04:02 PM,2.408,25,-62.5
12/14/2020  7:03:59 PM,0.226,25,-59.5
12/14/2020  7:03:58 PM,0.393,25,-62
12/14/2020  7:03:57 PM,0.728,25,-63
12/14/2020  7:03:56 PM,0.096,25,-63
12/14/2020  7:03:54 PM,0.226,25,-57.5
12/14/2020  7:03:53 PM,0.597,25,-63.5
12/14/2020  7:03:21 PM,0.131,25,-57
12/14/2020  7:03:20 PM,0.277,25,-63
12/14/2020  7:02:56 PM,0.038,25,-62
12/14/2020  7:02:48 PM,0.145,25,-59.5
12/14/2020  7:02:47 PM,0.287,25,-62
12/14/2020  7:02:37 PM,0.076,25,-62.5
12/14/2020  7:02:35 PM,0.21,25,-63
12/14/2020  7:02:28 PM,0.042,25,-62.5
12/14/2020  7:02:21 PM,0.145,25,-64.5
12/14/2020  7:02:19 PM,0.676,25,-61
12/14/2020  7:02:17 PM,0.257,25,-62.5
12/14/2020  7:02:14 PM,0.071,25,-63
12/14/2020  7:02:12 PM,0.198,25,-60
12/14/2020  7:02:10 PM,0.817,25,-60.5
12/14/2020  7:02:06 PM,0.071,25,-63.5
12/14/2020  7:02:03 PM,0.177,25,-63.5
12/14/2020  7:01:49 PM,0.033,25,-61.5
12/14/2020  7:01:41 PM,0.138,25,-63.5
12/14/2020  7:01:40 PM,0.367,25,-61.5
12/14/2020  7:01:39 PM,0.235,25,-57.5
12/14/2020  7:01:05 PM,0.118,25,-63.5
12/14/2020  7:01:04 PM,0.3,25,-62
12/14/2020  7:00:54 PM,0.082,25,-56
12/14/2020  7:00:51 PM,0.187,25,-64.5
12/14/2020  7:00:50 PM,0.311,25,-62
12/14/2020  7:00:49 PM,0.597,25,-62.5
12/14/2020  7:00:47 PM,3.703,25,-62
12/14/2020  7:00:46 PM,0.168,25,-58
12/14/2020  6:59:19 PM,0.063,25,-62
12/14/2020  6:59:13 PM,0.17,25,-59.5
12/14/2020  6:59:11 PM,0.272,25,-58
12/14/2020  6:58:47 PM,0.107,25,-58.5
12/14/2020  6:58:46 PM,0.235,25,-58
12/14/2020  6:58:45 PM,0.69,25,-59
12/14/2020  6:58:44 PM,0.465,25,-63.5
12/14/2020  6:58:43 PM,0.258,25,-62
12/14/2020  6:58:27 PM,0.065,25,-62
12/14/2020  6:58:21 PM,0.206,25,-62.5
12/14/2020  6:58:20 PM,0.466,25,-62.5
12/14/2020  6:58:09 PM,0.097,25,-62.5
12/14/2020  6:58:06 PM,0.038,25,-60.5
12/14/2020  6:58:00 PM,0.152,25,-62.5
12/14/2020  6:57:50 PM,0.041,25,-59
12/14/2020  6:57:47 PM,0.151,25,-60
12/14/2020  6:57:26 PM,0.085,25,-62.5
12/14/2020  6:57:23 PM,0.215,25,-61
12/14/2020  6:57:22 PM,0.392,25,-63.5
12/14/2020  6:57:16 PM,0.127,25,-58
12/14/2020  6:57:15 PM,0.23,25,-64
12/14/2020  6:57:13 PM,0.787,25,-60.5
12/14/2020  6:56:23 PM,0.12,25,-62.5
12/14/2020  6:56:20 PM,0.266,25,-60
12/14/2020  6:55:59 PM,0.048,25,-63
12/14/2020  6:55:56 PM,0.151,25,-56.5
12/14/2020  6:55:55 PM,0.26,25,-63
12/14/2020  6:55:53 PM,1.417,25,-65
12/14/2020  6:55:49 PM,0.163,25,-62.5
12/14/2020  6:55:48 PM,0.268,25,-63
12/14/2020  6:55:43 PM,0.153,25,-58.5
12/14/2020  6:55:42 PM,0.276,25,-62
12/14/2020  6:54:42 PM,0.088,25,-64
12/14/2020  6:54:41 PM,0.208,25,-59.5
12/14/2020  6:54:29 PM,0.033,25,-62.5
12/14/2020  6:53:59 PM,0.141,25,-62
12/14/2020  6:53:58 PM,0.297,25,-64
12/14/2020  6:53:34 PM,0.086,25,-62.5
12/14/2020  6:53:32 PM,0.393,25,-63.5
12/14/2020  6:53:30 PM,0.082,25,-62.5
12/14/2020  6:53:28 PM,0.21,25,-56
12/14/2020  6:53:27 PM,0.401,25,-65.5
12/14/2020  6:53:25 PM,2,25,-62.5
12/14/2020  6:53:24 PM,4.687,25,-64.5
12/14/2020  6:53:05 PM,0.083,25,-64
12/14/2020  6:53:02 PM,0.248,25,-62.5
12/14/2020  6:53:01 PM,0.457,25,-60
12/14/2020  6:52:58 PM,2.363,25,-63.5
12/14/2020  6:52:18 PM,0.113,25,-63
12/14/2020  6:52:17 PM,0.215,25,-61
12/14/2020  6:51:37 PM,0.101,25,-60
12/14/2020  6:51:30 PM,0.068,25,-61
12/14/2020  6:51:27 PM,0.178,25,-62
12/14/2020  6:51:18 PM,0.136,25,-62
12/14/2020  6:51:00 PM,0.061,25,-61
12/14/2020  6:50:58 PM,0.175,25,-62.5
12/14/2020  6:50:57 PM,0.375,25,-61.5
12/14/2020  6:50:54 PM,0.053,25,-63
12/14/2020  6:50:49 PM,0.156,25,-61.5
12/14/2020  6:50:48 PM,0.261,25,-63
12/14/2020  6:50:04 PM,0.086,25,-53.5
12/14/2020  6:50:01 PM,0.202,25,-61
12/14/2020  6:49:50 PM,0.066,25,-61.5
12/14/2020  6:49:46 PM,0.218,25,-60.5
12/14/2020  6:49:45 PM,0.923,25,-59.5
12/14/2020  6:49:44 PM,1.965,25,-58.5
12/14/2020  6:49:33 PM,0.075,25,-63.5
12/14/2020  6:49:31 PM,0.178,25,-63
12/14/2020  6:49:30 PM,0.326,25,-62.5
12/14/2020  6:49:28 PM,0.652,25,-64.5
12/14/2020  6:49:14 PM,0.127,25,-64.5
12/14/2020  6:49:12 PM,0.562,25,-61
12/14/2020  6:48:53 PM,0.041,25,-62.5
12/14/2020  6:46:53 PM,0.118,25,-59
12/14/2020  6:46:52 PM,0.353,25,-62.5
12/14/2020  6:46:51 PM,0.148,25,-63
12/14/2020  6:46:50 PM,0.27,25,-60.5
12/14/2020  6:46:33 PM,0.046,25,-61
12/14/2020  6:44:33 PM,0.038,25,-60
12/14/2020  6:42:33 PM,0.073,25,-65
12/14/2020  6:42:31 PM,0.177,25,-61.5
12/14/2020  6:42:28 PM,0.068,25,-63
12/14/2020  6:42:25 PM,0.18,25,-61.5
12/14/2020  6:42:24 PM,0.313,25,-61.5
12/14/2020  6:41:59 PM,0.052,25,-58
12/14/2020  6:41:56 PM,0.168,25,-63.5
12/14/2020  6:41:55 PM,0.321,25,-64
12/14/2020  6:41:52 PM,0.082,25,-65
12/14/2020  6:41:50 PM,0.213,25,-63
12/14/2020  6:41:49 PM,0.538,25,-63.5
12/14/2020  6:41:42 PM,0.078,25,-65
12/14/2020  6:41:40 PM,0.206,25,-61.5
12/14/2020  6:41:24 PM,0.065,25,-61.5
12/14/2020  6:41:21 PM,0.178,25,-59
12/14/2020  6:41:19 PM,0.438,25,-63
12/14/2020  6:41:18 PM,0.665,25,-60.5
12/14/2020  6:41:17 PM,1.385,25,-62.5
12/14/2020  6:41:16 PM,3.362,25,-61
12/14/2020  6:41:03 PM,0.113,25,-62.5
12/14/2020  6:41:01 PM,0.263,25,-62.5
12/14/2020  6:40:46 PM,0.111,25,-58.5
12/14/2020  6:40:44 PM,0.233,25,-62
12/14/2020  6:40:43 PM,0.438,25,-65
12/14/2020  6:40:42 PM,1.21,25,-65
12/14/2020  6:40:26 PM,0.045,25,-54
12/14/2020  6:40:21 PM,0.155,25,-63
12/14/2020  6:40:20 PM,0.261,25,-62
12/14/2020  6:40:08 PM,0.08,25,-61.5
12/14/2020  6:40:04 PM,0.206,25,-63.5
12/14/2020  6:40:03 PM,0.502,25,-65
12/14/2020  6:39:46 PM,0.095,25,-60
12/14/2020  6:39:17 PM,0.042,25,-57
12/14/2020  6:39:14 PM,0.15,25,-62.5
12/14/2020  6:39:13 PM,0.257,25,-62
12/14/2020  6:39:11 PM,0.572,25,-63.5
12/14/2020  6:39:10 PM,0.265,25,-63
12/14/2020  6:39:06 PM,0.066,25,-64.5
12/14/2020  6:39:02 PM,0.185,25,-63
12/14/2020  6:39:00 PM,1.1,25,-63
12/14/2020  6:38:50 PM,0.086,25,-63.5
12/14/2020  6:38:48 PM,0.193,25,-62
12/14/2020  6:38:27 PM,0.028,25,-60
12/14/2020  6:38:20 PM,0.143,25,-62.5
12/14/2020  6:38:19 PM,0.277,25,-63.5
12/14/2020  6:38:18 PM,0.49,25,-64.5
12/14/2020  6:37:45 PM,0.117,25,-60.5
12/14/2020  6:37:44 PM,0.235,25,-62.5
12/14/2020  6:36:06 PM,0.093,25,-64.5
12/14/2020  6:36:05 PM,0.262,25,-62.5
12/14/2020  6:35:42 PM,0.06,25,-59
12/14/2020  6:35:31 PM,0.176,25,-57
12/14/2020  6:35:30 PM,0.287,25,-61.5
12/14/2020  6:35:29 PM,0.167,25,-61.5
12/14/2020  6:35:28 PM,0.307,25,-64.5
12/14/2020  6:35:27 PM,0.58,25,-64
12/14/2020  6:35:25 PM,2.663,25,-66.5
12/14/2020  6:35:22 PM,0.167,25,-62.5
12/14/2020  6:35:21 PM,0.315,25,-63
12/14/2020  6:35:20 PM,0.152,25,-64.5
12/14/2020  6:35:19 PM,0.377,25,-62.5
12/14/2020  6:34:35 PM,0.117,25,-62.5
12/14/2020  6:34:33 PM,0.293,25,-59.5
12/14/2020  6:33:47 PM,0.106,25,-63
12/14/2020  6:33:45 PM,0.237,25,-64.5
12/14/2020  6:33:43 PM,0.505,25,-62
12/14/2020  6:33:37 PM,0.208,25,-63
12/14/2020  6:33:36 PM,0.443,25,-64
12/14/2020  6:33:18 PM,0.136,25,-56
12/14/2020  6:33:16 PM,0.281,25,-63
12/14/2020  6:33:02 PM,0.118,25,-56.5
12/14/2020  6:33:00 PM,0.293,25,-62.5
12/14/2020  6:32:56 PM,0.165,25,-63
12/14/2020  6:32:54 PM,0.41,25,-55.5
12/14/2020  6:32:53 PM,0.181,25,-61.5
12/14/2020  6:32:49 PM,0.068,25,-60.5
12/14/2020  6:32:46 PM,0.186,25,-63
12/14/2020  6:32:32 PM,0.077,25,-54
12/14/2020  6:32:30 PM,0.183,25,-63
12/14/2020  6:32:29 PM,0.333,25,-63
12/14/2020  6:32:28 PM,0.788,25,-64.5
12/14/2020  6:32:20 PM,0.127,25,-62.5
12/14/2020  6:31:57 PM,0.125,25,-61
12/14/2020  6:31:56 PM,0.252,25,-61.5
12/14/2020  6:31:42 PM,0.081,25,-64.5
12/14/2020  6:31:40 PM,0.237,25,-61
12/14/2020  6:31:39 PM,0.507,25,-62.5
12/14/2020  6:31:38 PM,1.188,25,-62
12/14/2020  6:31:24 PM,0.038,25,-58.5
12/14/2020  6:31:20 PM,0.146,25,-62.5
12/14/2020  6:31:18 PM,0.29,25,-62.5
12/14/2020  6:31:16 PM,0.572,25,-62.5
12/14/2020  6:30:43 PM,0.053,25,-60
12/14/2020  6:30:40 PM,0.16,25,-62.5
12/14/2020  6:30:39 PM,0.277,25,-63
12/14/2020  6:30:37 PM,1.418,25,-61.5
12/14/2020  6:30:36 PM,3.036,25,-62.5
12/14/2020  6:30:15 PM,0.061,25,-64
12/14/2020  6:30:12 PM,0.185,25,-56
12/14/2020  6:30:10 PM,0.382,25,-64.5
12/14/2020  6:30:09 PM,0.738,25,-59
12/14/2020  6:30:08 PM,1.68,25,-62.5
12/14/2020  6:30:07 PM,3.51,25,-63
12/14/2020  6:30:04 PM,0.142,25,-63
12/14/2020  6:29:50 PM,0.071,25,-58
12/14/2020  6:29:48 PM,0.172,25,-61.5
12/14/2020  6:29:47 PM,0.331,25,-58
12/14/2020  6:29:46 PM,0.955,25,-60
12/14/2020  6:29:36 PM,0.06,25,-59
12/14/2020  6:29:33 PM,0.17,25,-62
12/14/2020  6:29:31 PM,0.297,25,-65
12/14/2020  6:28:46 PM,0.116,25,-63.5
12/14/2020  6:28:24 PM,0.032,25,-64
12/14/2020  6:28:19 PM,0.135,25,-64.5
12/14/2020  6:28:13 PM,0.05,25,-61.5
12/14/2020  6:28:07 PM,0.151,25,-63.5
12/14/2020  6:28:06 PM,0.302,25,-62
12/14/2020  6:28:05 PM,0.547,25,-62.5
12/14/2020  6:27:53 PM,0.041,25,-62.5
12/14/2020  6:27:41 PM,0.142,25,-58.5
12/14/2020  6:27:40 PM,0.245,25,-60
12/14/2020  6:27:38 PM,0.678,25,-60.5
12/14/2020  6:27:37 PM,0.523,25,-62
12/14/2020  6:27:35 PM,3.062,25,-61
12/14/2020  6:27:34 PM,0.258,25,-61.5
12/14/2020  6:27:18 PM,0.081,25,-60
12/14/2020  6:27:16 PM,0.231,25,-58.5
12/14/2020  6:27:15 PM,0.425,25,-63
12/14/2020  6:27:13 PM,1.785,25,-59
12/14/2020  6:26:51 PM,0.115,25,-62
12/14/2020  6:26:49 PM,0.276,25,-61
12/14/2020  6:26:48 PM,0.51,25,-63.5
12/14/2020  6:26:44 PM,0.306,25,-57.5
12/14/2020  6:26:43 PM,0.432,25,-60.5
12/14/2020  6:26:42 PM,0.266,25,-62.5
12/14/2020  6:26:37 PM,0.095,25,-60.5
12/14/2020  6:26:35 PM,0.213,25,-61.5
12/14/2020  6:26:34 PM,0.727,25,-59.5
12/14/2020  6:26:30 PM,0.161,25,-60.5
12/14/2020  6:26:29 PM,0.287,25,-63
12/14/2020  6:26:27 PM,1.683,25,-57
12/14/2020  6:26:07 PM,0.115,25,-57
12/14/2020  6:26:06 PM,0.221,25,-62
12/14/2020  6:26:04 PM,0.302,25,-62.5
12/14/2020  6:25:56 PM,0.097,25,-62.5
12/14/2020  6:25:54 PM,0.206,25,-62.5
12/14/2020  6:25:52 PM,0.145,25,-61
12/14/2020  6:25:28 PM,0.081,25,-62.5
12/14/2020  6:25:27 PM,0.26,25,-60
12/14/2020  6:25:12 PM,0.117,25,-59.5
12/14/2020  6:25:10 PM,0.428,25,-65
12/14/2020  6:25:09 PM,0.133,25,-62.5
12/14/2020  6:25:06 PM,0.87,25,-63
12/14/2020  6:25:05 PM,1.741,25,-63
12/14/2020  6:24:30 PM,0.125,25,-54.5
12/14/2020  6:24:29 PM,0.263,25,-63
12/14/2020  6:23:24 PM,0.11,25,-63
12/14/2020  6:23:21 PM,0.108,25,-60.5
12/14/2020  6:23:19 PM,0.241,25,-57.5
12/14/2020  6:23:18 PM,0.555,25,-64
12/14/2020  6:23:02 PM,0.055,25,-58.5
12/14/2020  6:22:59 PM,0.161,25,-60.5
12/14/2020  6:22:57 PM,0.366,25,-64
12/14/2020  6:21:18 PM,0.042,25,-63
12/14/2020  6:19:18 PM,0.037,25,-63
12/14/2020  6:17:18 PM,0.026,25,-56.5
12/14/2020  6:15:17 PM,0.04,25,-63
12/14/2020  6:11:17 PM,0.05,25,-60
12/14/2020  6:11:11 PM,0.158,25,-61.5
12/14/2020  6:11:10 PM,0.372,25,-63
12/14/2020  6:09:37 PM,0.076,25,-57
12/14/2020  6:09:35 PM,0.182,25,-62.5
12/14/2020  6:09:31 PM,0.03,25,-59
12/14/2020  6:09:14 PM,0.135,25,-63.5
12/14/2020  6:09:13 PM,0.258,25,-62.5
12/14/2020  6:09:02 PM,0.155,25,-62
12/14/2020  6:09:00 PM,0.376,25,-60.5
12/14/2020  6:08:59 PM,0.655,25,-59
12/14/2020  6:08:32 PM,0.047,25,-64.5
12/14/2020  6:08:25 PM,0.152,25,-61
12/14/2020  6:08:08 PM,0.046,25,-57.5
12/14/2020  6:08:03 PM,0.153,25,-62
12/14/2020  6:08:02 PM,0.281,25,-62.5
12/14/2020  6:08:01 PM,0.526,25,-63
12/14/2020  6:07:59 PM,2.053,25,-63.5
12/14/2020  6:07:58 PM,1.377,25,-61.5
12/14/2020  6:07:57 PM,2.493,25,-60.5
12/14/2020  6:07:40 PM,0.08,25,-61
12/14/2020  6:07:38 PM,0.192,25,-64
12/14/2020  6:07:37 PM,0.471,25,-64.5
12/14/2020  6:07:32 PM,0.126,25,-61.5
12/14/2020  6:07:30 PM,0.597,25,-62
12/14/2020  6:06:55 PM,0.063,25,-59.5
12/14/2020  6:06:53 PM,0.167,25,-56
12/14/2020  6:06:52 PM,0.321,25,-62.5
12/14/2020  6:06:35 PM,0.061,25,-63
12/14/2020  6:06:31 PM,0.188,25,-61
12/14/2020  6:06:30 PM,0.437,25,-62.5
12/14/2020  6:06:29 PM,0.832,25,-62
12/14/2020  6:06:19 PM,0.06,25,-53.5
12/14/2020  6:06:16 PM,0.202,25,-57
12/14/2020  6:06:14 PM,0.053,25,-61.5
12/14/2020  6:06:05 PM,0.161,25,-60.5
12/14/2020  6:06:04 PM,0.287,25,-54
12/14/2020  6:06:03 PM,0.533,25,-62.5
12/14/2020  6:06:01 PM,0.436,25,-62.5
12/14/2020  6:05:58 PM,0.258,25,-63
12/14/2020  6:05:54 PM,0.142,25,-62.5
12/14/2020  6:05:39 PM,0.078,25,-63.5
12/14/2020  6:05:37 PM,0.196,25,-62
12/14/2020  6:05:30 PM,0.052,25,-62
12/14/2020  6:05:25 PM,0.158,25,-55.5
12/14/2020  6:05:24 PM,0.285,25,-56.5
12/14/2020  6:05:22 PM,1.041,25,-62.5
12/14/2020  6:05:14 PM,0.095,25,-62.5
12/14/2020  6:05:12 PM,0.235,25,-55
12/14/2020  6:05:11 PM,0.547,25,-62.5
12/14/2020  6:05:10 PM,1.713,25,-65
12/14/2020  6:05:07 PM,0.158,25,-61.5
12/14/2020  6:05:06 PM,0.315,25,-61
12/14/2020  6:04:58 PM,0.043,25,-64
12/14/2020  6:04:49 PM,0.165,25,-63
12/14/2020  6:04:48 PM,0.276,25,-62
12/14/2020  6:04:46 PM,0.598,25,-61
12/14/2020  6:04:43 PM,0.2,25,-55
12/14/2020  6:04:07 PM,0.098,25,-62
12/14/2020  6:04:05 PM,0.276,25,-60.5
12/14/2020  6:03:10 PM,0.123,25,-64
12/14/2020  6:03:09 PM,0.26,25,-63
12/14/2020  6:02:44 PM,0.046,25,-64
12/14/2020  6:02:41 PM,0.155,25,-62
12/14/2020  6:02:40 PM,0.272,25,-63.5
12/14/2020  6:02:28 PM,0.14,25,-61.5
12/14/2020  6:02:27 PM,0.266,25,-56
12/14/2020  6:02:26 PM,0.403,25,-62.5
12/14/2020  6:02:24 PM,0.951,25,-63.5
12/14/2020  6:02:18 PM,0.085,25,-63.5
12/14/2020  6:02:16 PM,0.231,25,-63.5
12/14/2020  6:02:14 PM,0.606,25,-61.5
12/14/2020  6:02:13 PM,1.387,25,-54
12/14/2020  6:02:12 PM,4.062,25,-61
12/14/2020  6:01:51 PM,0.078,25,-62.5
12/14/2020  6:01:49 PM,0.212,25,-62.5
12/14/2020  6:01:48 PM,0.368,25,-63
12/14/2020  6:01:38 PM,0.105,25,-53.5
12/14/2020  6:01:37 PM,0.211,25,-62.5
12/14/2020  6:00:54 PM,0.102,25,-61
12/14/2020  6:00:05 PM,0.031,25,-63.5
12/14/2020  5:59:29 PM,0.132,25,-64.5
12/14/2020  5:59:28 PM,0.351,25,-59.5
12/14/2020  5:59:25 PM,0.087,25,-62
12/14/2020  5:59:23 PM,0.191,25,-63.5
12/14/2020  5:59:22 PM,0.381,25,-63
12/14/2020  5:59:21 PM,0.692,25,-63
12/14/2020  5:59:15 PM,0.123,25,-63.5
12/14/2020  5:59:13 PM,0.302,25,-62
12/14/2020  5:58:54 PM,0.045,25,-62
12/14/2020  5:58:50 PM,0.153,25,-62.5
12/14/2020  5:58:49 PM,0.365,25,-61.5
12/14/2020  5:58:09 PM,0.111,25,-55.5
12/14/2020  5:58:08 PM,0.215,25,-62.5
12/14/2020  5:57:50 PM,0.087,25,-61.5
12/14/2020  5:57:48 PM,0.21,25,-62.5
12/14/2020  5:57:05 PM,0.075,25,-64
12/14/2020  5:57:03 PM,0.176,25,-55.5
12/14/2020  5:57:02 PM,0.323,25,-60
12/14/2020  5:57:01 PM,0.5,25,-62.5
12/14/2020  5:56:59 PM,2.226,25,-62.5
12/14/2020  5:56:29 PM,0.07,25,-62
12/14/2020  5:56:27 PM,0.187,25,-59.5
12/14/2020  5:56:17 PM,0.065,25,-62.5
12/14/2020  5:56:15 PM,0.166,25,-62.5
12/14/2020  5:56:14 PM,0.387,25,-59.5
12/14/2020  5:56:05 PM,0.057,25,-63
12/14/2020  5:56:03 PM,0.171,25,-62.5
12/14/2020  5:55:41 PM,0.08,25,-56.5
12/14/2020  5:55:39 PM,0.193,25,-63.5
12/14/2020  5:54:52 PM,0.06,25,-56.5
12/14/2020  5:54:49 PM,0.183,25,-62
12/14/2020  5:54:48 PM,0.328,25,-63
12/14/2020  5:54:46 PM,1.678,25,-61
12/14/2020  5:54:24 PM,0.118,25,-60
12/14/2020  5:54:22 PM,0.232,25,-61.5
12/14/2020  5:54:20 PM,0.535,25,-62.5
12/14/2020  5:54:19 PM,1.223,25,-63
12/14/2020  5:53:53 PM,0.028,25,-63.5
12/14/2020  5:53:45 PM,0.133,25,-62.5
12/14/2020  5:53:13 PM,0.087,25,-56.5
12/14/2020  5:53:10 PM,0.217,25,-62.5
12/14/2020  5:52:57 PM,0.076,25,-61
12/14/2020  5:52:55 PM,0.238,25,-56.5
12/14/2020  5:52:39 PM,0.112,25,-63.5
12/14/2020  5:52:37 PM,0.253,25,-63
12/14/2020  5:52:36 PM,0.553,25,-63
12/14/2020  5:52:35 PM,1.107,25,-64
12/14/2020  5:52:33 PM,0.057,25,-58
12/14/2020  5:52:31 PM,0.158,25,-58
12/14/2020  5:52:16 PM,0.055,25,-63
12/14/2020  5:52:11 PM,0.163,25,-62.5
12/14/2020  5:52:09 PM,0.362,25,-62
12/14/2020  5:52:04 PM,0.136,25,-63
12/14/2020  5:52:02 PM,0.257,25,-62
12/14/2020  5:52:00 PM,0.421,25,-62
12/14/2020  5:51:54 PM,0.045,25,-56.5
12/14/2020  5:51:49 PM,0.15,25,-57
12/14/2020  5:51:48 PM,0.39,25,-59
12/14/2020  5:51:36 PM,0.128,25,-61
12/14/2020  5:51:35 PM,0.328,25,-63
12/14/2020  5:51:31 PM,0.12,25,-63.5
12/14/2020  5:51:29 PM,0.223,25,-64
12/14/2020  5:50:49 PM,0.08,25,-63
12/14/2020  5:50:47 PM,0.213,25,-63
12/14/2020  5:50:46 PM,0.671,25,-63
12/14/2020  5:50:31 PM,0.121,25,-62.5
12/14/2020  5:50:29 PM,0.575,25,-62
12/14/2020  5:50:25 PM,0.193,25,-62.5
12/14/2020  5:50:16 PM,0.068,25,-61
12/14/2020  5:50:14 PM,0.181,25,-60
12/14/2020  5:50:03 PM,0.073,25,-63
12/14/2020  5:50:01 PM,0.193,25,-62
12/14/2020  5:50:00 PM,0.373,25,-63
12/14/2020  5:49:55 PM,0.037,25,-63
12/14/2020  5:49:41 PM,0.145,25,-61.5
12/14/2020  5:49:40 PM,0.268,25,-61.5
12/14/2020  5:49:36 PM,0.156,25,-63.5
12/14/2020  5:49:34 PM,0.743,25,-64
12/14/2020  5:49:10 PM,0.122,25,-64
12/14/2020  5:48:46 PM,0.086,25,-64
12/14/2020  5:48:44 PM,0.218,25,-63
12/14/2020  5:48:18 PM,0.048,25,-54
12/14/2020  5:48:13 PM,0.15,25,-64
12/14/2020  5:48:12 PM,0.251,25,-62.5
12/14/2020  5:48:10 PM,0.941,25,-64
12/14/2020  5:48:05 PM,0.033,25,-63.5
12/14/2020  5:47:51 PM,0.138,25,-63.5
12/14/2020  5:47:50 PM,0.243,25,-64.5
12/14/2020  5:47:48 PM,0.321,25,-64.5
12/14/2020  5:47:46 PM,0.202,25,-62.5
12/14/2020  5:46:59 PM,0.076,25,-63
12/14/2020  5:46:52 PM,0.196,25,-63
12/14/2020  5:46:41 PM,0.066,25,-63.5
12/14/2020  5:46:39 PM,0.182,25,-61.5
12/14/2020  5:46:34 PM,0.072,25,-60.5
12/14/2020  5:46:32 PM,0.178,25,-62
12/14/2020  5:46:12 PM,0.035,25,-62
12/14/2020  5:46:04 PM,0.141,25,-62.5
12/14/2020  5:46:01 PM,0.277,25,-59.5
12/14/2020  5:46:00 PM,0.768,25,-60.5
12/14/2020  5:45:47 PM,0.063,25,-62
12/14/2020  5:45:45 PM,0.176,25,-61
12/14/2020  5:45:44 PM,0.453,25,-63.5
12/14/2020  5:45:20 PM,0.132,25,-58.5
12/14/2020  5:45:19 PM,0.317,25,-63.5
12/14/2020  5:44:20 PM,0.117,25,-64.5
12/14/2020  5:44:18 PM,0.218,25,-63
12/14/2020  5:44:16 PM,0.656,25,-64
12/14/2020  5:44:15 PM,1.215,25,-62.5
12/14/2020  5:44:07 PM,0.112,25,-63.5
12/14/2020  5:44:05 PM,0.236,25,-62
12/14/2020  5:44:04 PM,0.375,25,-63
12/14/2020  5:44:03 PM,0.667,25,-63
12/14/2020  5:44:01 PM,1.993,25,-55.5
12/14/2020  5:43:59 PM,0.223,25,-63
12/14/2020  5:43:42 PM,0.052,25,-61
12/14/2020  5:43:37 PM,0.156,25,-60.5
12/14/2020  5:43:36 PM,0.303,25,-60.5
12/14/2020  5:43:35 PM,0.418,25,-63
12/14/2020  5:43:34 PM,1.192,25,-62
12/14/2020  5:42:58 PM,0.107,25,-62
12/14/2020  5:42:57 PM,0.253,25,-63
12/14/2020  5:42:17 PM,0.065,25,-63.5
12/14/2020  5:42:15 PM,0.175,25,-63
12/14/2020  5:42:14 PM,0.428,25,-64
12/14/2020  5:41:31 PM,0.11,26,-61.5
12/14/2020  5:41:30 PM,0.296,25,-62.5
12/14/2020  5:41:04 PM,0.063,25,-63
12/14/2020  5:41:01 PM,0.172,25,-65
12/14/2020  5:40:59 PM,0.027,25,-64
12/14/2020  5:40:44 PM,0.138,25,-65
12/14/2020  5:40:43 PM,0.341,25,-63.5
12/14/2020  5:38:58 PM,0.098,25,-63.5
12/14/2020  5:38:54 PM,0.215,25,-57
12/14/2020  5:38:31 PM,0.077,25,-62
12/14/2020  5:38:29 PM,0.203,25,-64.5
12/14/2020  5:38:12 PM,0.067,25,-62.5
12/14/2020  5:38:09 PM,0.172,25,-62.5
12/14/2020  5:38:08 PM,0.311,25,-60.5
12/14/2020  5:38:07 PM,0.625,25,-57
12/14/2020  5:37:02 PM,0.042,25,-58
12/14/2020  5:36:58 PM,0.147,25,-64
12/14/2020  5:36:42 PM,0.13,25,-60.5
12/14/2020  5:36:41 PM,0.303,25,-61.5
12/14/2020  5:36:17 PM,0.078,25,-60.5
12/14/2020  5:36:15 PM,0.203,25,-62.5
12/14/2020  5:36:14 PM,0.323,25,-63.5
12/14/2020  5:36:12 PM,0.943,25,-66
12/14/2020  5:36:11 PM,2.487,25,-63
12/14/2020  5:35:14 PM,0.081,25,-59
12/14/2020  5:35:08 PM,0.073,25,-61.5
12/14/2020  5:33:13 PM,0.063,25,-63.5
12/14/2020  5:33:11 PM,0.181,25,-62
12/14/2020  5:33:10 PM,0.333,25,-63
12/14/2020  5:32:44 PM,0.102,25,-65
12/14/2020  5:32:42 PM,0.638,25,-61
12/14/2020  5:32:25 PM,0.137,25,-61.5
12/14/2020  5:32:12 PM,0.087,25,-58
12/14/2020  5:32:10 PM,0.527,25,-62.5
12/14/2020  5:32:07 PM,0.111,25,-63
12/14/2020  5:32:06 PM,0.257,25,-63.5
12/14/2020  5:31:53 PM,0.105,25,-55
12/14/2020  5:31:51 PM,0.242,25,-64
12/14/2020  5:31:49 PM,1.073,25,-61.5
12/14/2020  5:31:40 PM,0.052,25,-62
12/14/2020  5:31:35 PM,0.157,25,-63
12/14/2020  5:31:32 PM,0.041,25,-64
12/14/2020  5:31:25 PM,0.146,25,-63
12/14/2020  5:31:23 PM,0.332,25,-64.5
12/14/2020  5:31:22 PM,0.695,25,-56
12/14/2020  5:31:21 PM,0.847,25,-62.5
12/14/2020  5:31:19 PM,0.047,25,-63
12/14/2020  5:31:16 PM,0.15,25,-57.5
12/14/2020  5:31:06 PM,0.035,25,-62
12/14/2020  5:30:56 PM,0.136,25,-63
12/14/2020  5:30:53 PM,0.096,25,-57.5
12/14/2020  5:30:52 PM,0.205,25,-57
12/14/2020  5:30:49 PM,0.08,25,-63.5
12/14/2020  5:30:47 PM,0.205,25,-64
12/14/2020  5:30:46 PM,0.72,25,-58
12/14/2020  5:30:45 PM,1.332,25,-63
12/14/2020  5:30:44 PM,0.26,25,-66.5
12/14/2020  5:29:25 PM,0.111,25,-62.5
12/14/2020  5:29:23 PM,0.251,25,-59
12/14/2020  5:29:22 PM,0.473,25,-63
12/14/2020  5:29:15 PM,0.133,25,-64.5
12/14/2020  5:29:13 PM,0.305,25,-60.5
12/14/2020  5:29:12 PM,0.608,25,-64.5
12/14/2020  5:28:57 PM,0.091,25,-61.5
12/14/2020  5:28:55 PM,0.197,25,-63
12/14/2020  5:28:54 PM,0.352,25,-58
12/14/2020  5:28:53 PM,0.21,25,-62
12/14/2020  5:28:34 PM,0.107,25,-64
12/14/2020  5:28:33 PM,0.232,25,-61.5
12/14/2020  5:28:27 PM,0.091,25,-61
12/14/2020  5:28:25 PM,0.195,25,-63
12/14/2020  5:28:23 PM,0.685,25,-62
12/14/2020  5:28:14 PM,0.042,25,-65.5
12/14/2020  5:28:02 PM,0.145,25,-64
12/14/2020  5:28:00 PM,0.571,25,-63.5
12/14/2020  5:27:58 PM,0.197,25,-58
12/14/2020  5:26:42 PM,0.077,25,-63
12/14/2020  5:26:40 PM,0.207,25,-60.5
12/14/2020  5:26:39 PM,0.531,25,-63
12/14/2020  5:26:07 PM,0.062,25,-58.5
12/14/2020  5:26:05 PM,0.17,25,-56
12/14/2020  5:26:02 PM,0.291,25,-64
12/14/2020  5:25:41 PM,0.037,25,-60.5
12/14/2020  5:25:36 PM,0.14,25,-64.5
12/14/2020  5:25:34 PM,0.757,25,-63.5
12/14/2020  5:24:45 PM,0.131,25,-63.5
12/14/2020  5:24:43 PM,0.625,25,-64
12/14/2020  5:24:06 PM,0.075,25,-63
12/14/2020  5:24:03 PM,0.181,25,-55
12/14/2020  5:24:02 PM,0.356,25,-65.5
12/14/2020  5:23:03 PM,0.102,25,-61.5
12/14/2020  5:23:01 PM,0.243,25,-62
12/14/2020  5:23:00 PM,0.392,25,-62
12/14/2020  5:22:58 PM,1.288,25,-64.5
12/14/2020  5:22:57 PM,3.95,25,-65
12/14/2020  5:22:55 PM,0.2,25,-61.5
12/14/2020  5:22:29 PM,0.073,25,-63
12/14/2020  5:22:26 PM,0.181,25,-66.5
12/14/2020  5:22:25 PM,0.283,25,-58
12/14/2020  5:22:23 PM,0.567,25,-61
12/14/2020  5:21:53 PM,0.063,25,-63.5
12/14/2020  5:21:50 PM,0.196,25,-62.5
12/14/2020  5:21:49 PM,0.472,25,-62
12/14/2020  5:21:47 PM,0.287,25,-60.5
12/14/2020  5:21:01 PM,0.068,25,-63
12/14/2020  5:20:57 PM,0.191,25,-65.5
12/14/2020  5:20:48 PM,0.085,25,-63.5
12/14/2020  5:20:46 PM,0.187,25,-63
12/14/2020  5:20:45 PM,0.542,25,-61.5
12/14/2020  5:20:44 PM,0.345,25,-64
12/14/2020  5:20:24 PM,0.045,25,-59.5
12/14/2020  5:20:20 PM,0.147,25,-59
12/14/2020  5:20:19 PM,0.28,25,-58
12/14/2020  5:20:18 PM,0.452,25,-63
12/14/2020  5:20:16 PM,2.88,25,-61.5
12/14/2020  5:20:15 PM,0.051,25,-61.5
12/14/2020  5:20:12 PM,0.17,25,-64
12/14/2020  5:19:51 PM,0.068,25,-61.5
12/14/2020  5:19:49 PM,0.195,25,-65
12/14/2020  5:19:48 PM,0.35,25,-63.5
12/14/2020  5:19:46 PM,0.92,25,-64.5
12/14/2020  5:19:08 PM,0.097,25,-61.5
12/14/2020  5:19:07 PM,0.215,25,-60.5
12/14/2020  5:19:04 PM,0.102,25,-62
12/14/2020  5:19:03 PM,0.311,25,-65
12/14/2020  5:18:55 PM,0.141,25,-54.5
12/14/2020  5:18:53 PM,0.428,25,-60.5
12/14/2020  5:18:52 PM,0.212,25,-65.5
12/14/2020  5:18:30 PM,0.081,25,-64.5
12/14/2020  5:18:28 PM,0.203,25,-57
12/14/2020  5:18:14 PM,0.061,25,-60.5
12/14/2020  5:18:11 PM,0.193,25,-59
12/14/2020  5:18:09 PM,0.375,25,-63
12/14/2020  5:18:07 PM,1.457,25,-55
12/14/2020  5:18:02 PM,0.086,25,-60.5
12/14/2020  5:17:58 PM,0.207,25,-61
12/14/2020  5:17:56 PM,0.72,25,-61.5
12/14/2020  5:17:55 PM,1.651,25,-63.5
12/14/2020  5:17:52 PM,0.19,25,-64
12/14/2020  5:17:50 PM,0.412,25,-65.5
12/14/2020  5:17:47 PM,0.181,25,-62.5
12/14/2020  5:17:46 PM,0.457,25,-60.5
12/14/2020  5:17:28 PM,0.07,25,-64
12/14/2020  5:17:26 PM,0.176,25,-63.5
12/14/2020  5:17:25 PM,0.327,25,-61.5
12/14/2020  5:17:24 PM,0.505,25,-61.5
12/14/2020  5:17:22 PM,2.333,25,-60
12/14/2020  5:17:15 PM,0.105,25,-59
12/14/2020  5:17:14 PM,0.227,25,-64
12/14/2020  5:17:06 PM,0.043,25,-60.5
12/14/2020  5:17:03 PM,0.165,25,-63
12/14/2020  5:17:02 PM,0.563,25,-56.5
12/14/2020  5:16:53 PM,0.052,25,-64
12/14/2020  5:16:50 PM,0.173,25,-63.5
12/14/2020  5:16:48 PM,0.352,25,-56.5
12/14/2020  5:16:47 PM,0.137,25,-61.5
12/14/2020  5:16:45 PM,1.16,25,-63
12/14/2020  5:16:35 PM,0.127,25,-62.5
12/14/2020  5:16:28 PM,0.046,25,-62.5
12/14/2020  5:16:22 PM,0.156,25,-63
12/14/2020  5:16:21 PM,0.268,25,-64
12/14/2020  5:16:18 PM,0.166,25,-60
12/14/2020  5:16:17 PM,0.318,25,-62
12/14/2020  5:16:07 PM,0.066,25,-62
12/14/2020  5:16:05 PM,0.183,25,-62.5
12/14/2020  5:16:04 PM,0.44,25,-64.5
12/14/2020  5:14:03 PM,0.035,25,-54.5
12/14/2020  5:12:03 PM,0.042,25,-58.5
12/14/2020  5:10:03 PM,0.037,25,-59.5
12/14/2020  5:08:03 PM,0.023,25,-60.5
12/14/2020  5:06:03 PM,0.036,25,-62.5
12/14/2020  5:04:02 PM,0.048,25,-64.5
12/14/2020  5:02:02 PM,0.041,25,-64
12/14/2020  5:00:02 PM,0.028,25,-55.5
12/14/2020  4:58:02 PM,0.033,25,-54.5
12/14/2020  4:56:02 PM,0.032,25,-61
12/14/2020  4:54:02 PM,0.04,25,-60
12/14/2020  4:52:02 PM,0.098,25,-63
12/14/2020  4:52:00 PM,0.207,25,-59.5
12/14/2020  4:50:46 PM,0.027,25,-60.5
12/14/2020  4:48:45 PM,0.04,25,-55
12/14/2020  4:46:45 PM,0.037,25,-62
12/14/2020  4:44:45 PM,0.046,25,-57.5
12/14/2020  4:42:45 PM,0.042,25,-63.5
12/14/2020  4:40:45 PM,0.042,25,-64.5
12/14/2020  4:38:45 PM,0.037,25,-63.5
12/14/2020  4:36:45 PM,0.037,25,-61
12/14/2020  4:34:45 PM,0.03,25,-63.5
12/14/2020  4:32:45 PM,0.045,25,-62
12/14/2020  4:30:44 PM,0.047,25,-64
12/14/2020  4:28:44 PM,0.025,25,-64
12/14/2020  4:26:44 PM,0.042,25,-65
12/14/2020  4:24:44 PM,0.035,25,-58.5
12/14/2020  4:22:44 PM,0.076,25,-64.5
12/14/2020  4:22:42 PM,0.183,25,-62
12/14/2020  4:22:40 PM,0.407,25,-63.5
12/14/2020  4:21:40 PM,0.061,25,-65
12/14/2020  4:21:37 PM,0.171,25,-58
12/14/2020  4:21:36 PM,0.281,25,-60.5
12/14/2020  4:21:34 PM,1.696,25,-58
12/14/2020  4:21:33 PM,1.341,25,-59
12/14/2020  4:21:30 PM,0.072,25,-65
12/14/2020  4:21:28 PM,0.181,25,-61.5
12/14/2020  4:21:27 PM,0.312,25,-62.5
12/14/2020  4:21:25 PM,1.355,25,-62.5
12/14/2020  4:21:06 PM,0.255,25,-59
12/14/2020  4:20:35 PM,0.108,25,-54.5
12/14/2020  4:20:24 PM,0.127,25,-60.5
12/14/2020  4:20:23 PM,0.262,25,-64
12/14/2020  4:20:21 PM,0.251,25,-55
12/14/2020  4:20:20 PM,0.051,25,-64.5
12/14/2020  4:20:14 PM,0.152,25,-58
12/14/2020  4:20:13 PM,0.272,25,-64.5
12/14/2020  4:19:36 PM,0.095,25,-64.5
12/14/2020  4:19:35 PM,0.363,25,-61
12/14/2020  4:19:29 PM,0.09,25,-53
12/14/2020  4:19:27 PM,0.22,25,-64
12/14/2020  4:19:18 PM,0.083,25,-64
12/14/2020  4:19:16 PM,0.188,25,-57
12/14/2020  4:19:15 PM,0.302,25,-61.5
12/14/2020  4:19:13 PM,0.268,25,-64
12/14/2020  4:18:57 PM,0.126,25,-64
12/14/2020  4:18:56 PM,0.271,25,-65.5
12/14/2020  4:18:54 PM,0.142,25,-61
12/14/2020  4:18:53 PM,0.281,25,-64
12/14/2020  4:18:52 PM,0.828,25,-63
12/14/2020  4:18:44 PM,0.077,25,-62
12/14/2020  4:18:42 PM,0.218,25,-62
12/14/2020  4:18:35 PM,0.111,25,-63
12/14/2020  4:18:33 PM,0.226,25,-66
12/14/2020  4:18:26 PM,0.053,25,-58.5
12/14/2020  4:18:23 PM,0.173,25,-64.5
12/14/2020  4:17:40 PM,0.066,25,-63.5
12/14/2020  4:17:36 PM,0.173,25,-56
12/14/2020  4:17:35 PM,0.312,25,-64.5
12/14/2020  4:17:33 PM,1.656,25,-61.5
12/14/2020  4:17:32 PM,3.51,25,-62
12/14/2020  4:17:31 PM,0.295,25,-53.5
12/14/2020  4:17:13 PM,0.063,25,-63.5
12/14/2020  4:17:06 PM,0.166,25,-63
12/14/2020  4:16:31 PM,0.056,25,-60
12/14/2020  4:16:27 PM,0.157,25,-62.5
12/14/2020  4:16:25 PM,0.346,25,-59
12/14/2020  4:15:59 PM,0.11,25,-63.5
12/14/2020  4:15:57 PM,0.228,25,-56.5
12/14/2020  4:15:56 PM,0.412,25,-63
12/14/2020  4:15:54 PM,1.535,25,-60
12/14/2020  4:15:52 PM,1.991,25,-63
12/14/2020  4:15:44 PM,0.151,25,-56.5
12/14/2020  4:15:43 PM,0.252,25,-61.5
12/14/2020  4:15:42 PM,0.402,25,-64
12/14/2020  4:15:40 PM,1.955,25,-64.5
12/14/2020  4:15:38 PM,0.152,25,-64.5
12/14/2020  4:15:37 PM,0.273,25,-62
12/14/2020  4:15:23 PM,0.041,25,-60
12/14/2020  4:15:18 PM,0.142,25,-64.5
12/14/2020  4:15:13 PM,0.037,25,-65.5
12/14/2020  4:15:08 PM,0.14,25,-63.5
12/14/2020  4:15:06 PM,0.252,25,-64
12/14/2020  4:14:52 PM,0.043,25,-65
12/14/2020  4:14:44 PM,0.146,25,-62
12/14/2020  4:14:43 PM,0.251,25,-59
12/14/2020  4:14:40 PM,0.068,25,-62.5
12/14/2020  4:14:38 PM,0.178,25,-62
12/14/2020  4:14:37 PM,0.398,25,-65.5
12/14/2020  4:14:33 PM,0.112,25,-62.5
12/14/2020  4:14:32 PM,0.332,25,-62.5
12/14/2020  4:14:26 PM,0.053,25,-61
12/14/2020  4:14:23 PM,0.155,25,-61.5
12/14/2020  4:14:22 PM,0.325,25,-61
12/14/2020  4:14:11 PM,0.026,25,-61.5
12/14/2020  4:14:06 PM,0.127,25,-62
12/14/2020  4:13:47 PM,0.051,25,-62.5
12/14/2020  4:13:39 PM,0.162,25,-64.5
12/14/2020  4:13:38 PM,0.372,25,-54.5
12/14/2020  4:13:37 PM,0.673,25,-64.5
12/14/2020  4:13:36 PM,0.143,25,-65
12/14/2020  4:13:35 PM,0.271,25,-62.5
12/14/2020  4:13:28 PM,0.06,25,-59
12/14/2020  4:13:25 PM,0.165,25,-59
12/14/2020  4:13:24 PM,0.467,25,-61.5
12/14/2020  4:12:05 PM,0.117,25,-58.5
12/14/2020  4:12:02 PM,0.44,25,-62.5
12/14/2020  4:12:00 PM,2.788,25,-63
12/14/2020  4:11:56 PM,0.125,25,-60
12/14/2020  4:11:54 PM,0.527,25,-58.5
12/14/2020  4:11:53 PM,0.345,25,-63.5
12/14/2020  4:11:35 PM,0.09,25,-55
12/14/2020  4:11:33 PM,0.193,25,-60.5
12/14/2020  4:11:32 PM,0.395,25,-61
12/14/2020  4:11:30 PM,0.076,25,-54.5
12/14/2020  4:11:26 PM,0.183,25,-62.5
12/14/2020  4:11:25 PM,0.316,25,-64.5
12/14/2020  4:11:23 PM,1.79,25,-64
12/14/2020  4:11:02 PM,0.125,25,-64.5
12/14/2020  4:11:00 PM,0.407,25,-59
12/14/2020  4:10:59 PM,0.891,25,-59.5
12/14/2020  4:10:58 PM,2.147,25,-62
12/14/2020  4:10:32 PM,0.115,25,-63.5
12/14/2020  4:10:30 PM,0.277,25,-63.5
12/14/2020  4:10:29 PM,1.007,25,-65
12/14/2020  4:10:28 PM,0.095,25,-64
12/14/2020  4:10:18 PM,0.083,25,-64
12/14/2020  4:10:15 PM,0.208,25,-63.5
12/14/2020  4:09:52 PM,0.062,25,-64
12/14/2020  4:09:49 PM,0.166,25,-66.5
12/14/2020  4:09:35 PM,0.063,25,-66
12/14/2020  4:09:25 PM,0.168,25,-54.5
12/14/2020  4:09:24 PM,0.301,25,-62.5
12/14/2020  4:09:22 PM,0.9,25,-60
12/14/2020  4:09:19 PM,0.023,25,-62.5
12/14/2020  4:08:51 PM,0.127,25,-58
12/14/2020  4:08:49 PM,0.262,25,-63
12/14/2020  4:08:48 PM,0.436,25,-64.5
12/14/2020  4:08:40 PM,0.107,25,-61.5
12/14/2020  4:08:38 PM,0.262,25,-61
12/14/2020  4:08:28 PM,0.083,25,-63
12/14/2020  4:08:03 PM,0.096,25,-62.5
12/14/2020  4:07:55 PM,0.06,25,-56
12/14/2020  4:07:50 PM,0.162,25,-60.5
12/14/2020  4:07:49 PM,0.297,25,-62.5
12/14/2020  4:07:41 PM,0.062,25,-62.5
12/14/2020  4:07:39 PM,0.18,25,-64.5
12/14/2020  4:07:26 PM,0.052,25,-64
12/14/2020  4:07:21 PM,0.161,25,-63.5
12/14/2020  4:07:20 PM,0.306,25,-65
12/14/2020  4:07:18 PM,1.003,25,-60
12/14/2020  4:07:17 PM,1.586,25,-63
12/14/2020  4:07:16 PM,0.161,25,-63.5
12/14/2020  4:07:15 PM,0.312,25,-62.5
12/14/2020  4:07:08 PM,0.055,25,-65.5
12/14/2020  4:07:06 PM,0.156,25,-63
12/14/2020  4:07:05 PM,0.388,25,-64
12/14/2020  4:06:12 PM,0.117,25,-58.5
12/14/2020  4:06:11 PM,0.241,25,-55
12/14/2020  4:06:06 PM,0.048,25,-57.5
12/14/2020  4:06:03 PM,0.156,25,-62.5
12/14/2020  4:06:02 PM,0.297,25,-63.5
12/14/2020  4:06:00 PM,0.213,25,-63
12/14/2020  4:05:59 PM,0.342,25,-61.5
12/14/2020  4:05:57 PM,1.153,25,-63
12/14/2020  4:05:55 PM,0.262,25,-60
12/14/2020  4:05:28 PM,0.102,25,-62.5
12/14/2020  4:05:26 PM,0.23,25,-64
12/14/2020  4:05:12 PM,0.021,25,-63
12/14/2020  4:05:01 PM,0.123,25,-63
12/14/2020  4:04:59 PM,0.165,25,-65.5
12/14/2020  4:04:58 PM,0.367,25,-64.5
12/14/2020  4:04:36 PM,0.088,25,-62.5
12/14/2020  4:04:34 PM,0.192,25,-64
12/14/2020  4:04:33 PM,0.533,25,-64
12/14/2020  4:04:23 PM,0.032,25,-64.5
12/14/2020  4:04:18 PM,0.145,25,-64
12/14/2020  4:04:16 PM,0.656,25,-62
12/14/2020  4:04:13 PM,0.191,25,-62.5
12/14/2020  4:04:12 PM,0.388,25,-55
12/14/2020  4:04:02 PM,0.133,25,-57.5
12/14/2020  4:04:01 PM,0.32,25,-64.5
12/14/2020  4:03:52 PM,0.061,25,-62.5
12/14/2020  4:03:46 PM,0.171,25,-54.5
12/14/2020  4:03:45 PM,0.488,25,-64
12/14/2020  4:03:24 PM,0.125,25,-58
12/14/2020  4:03:22 PM,0.227,25,-64
12/14/2020  4:03:21 PM,0.405,25,-63.5
12/14/2020  4:03:19 PM,2.29,25,-62.5
12/14/2020  4:02:45 PM,0.108,25,-62.5
12/14/2020  4:02:44 PM,0.221,25,-64
12/14/2020  4:02:37 PM,0.042,25,-63.5
12/14/2020  4:02:34 PM,0.158,25,-64
12/14/2020  4:02:33 PM,0.348,25,-56.5
12/14/2020  4:02:07 PM,0.093,25,-63
12/14/2020  4:02:03 PM,0.066,25,-61.5
12/14/2020  4:02:01 PM,0.182,25,-62.5
12/14/2020  4:02:00 PM,0.407,25,-62
12/14/2020  4:01:47 PM,0.025,25,-59
12/14/2020  4:01:40 PM,0.133,25,-57.5
12/14/2020  4:01:39 PM,0.237,25,-63
12/14/2020  4:01:38 PM,0.407,25,-61.5
12/14/2020  4:01:37 PM,0.788,25,-58.5
12/14/2020  4:01:36 PM,1.547,25,-62
12/14/2020  4:01:33 PM,0.115,25,-64
12/14/2020  4:01:08 PM,0.072,25,-63
12/14/2020  4:01:06 PM,0.185,25,-63
12/14/2020  4:01:05 PM,0.332,25,-61
12/14/2020  4:01:03 PM,0.06,25,-63
12/14/2020  4:01:00 PM,0.165,25,-62.5
12/14/2020  4:00:59 PM,0.29,25,-61
12/14/2020  4:00:58 PM,0.395,25,-66.5
12/14/2020  4:00:45 PM,0.076,25,-61
12/14/2020  4:00:43 PM,0.205,25,-64.5
12/14/2020  4:00:01 PM,0.078,25,-62.5
12/14/2020  3:59:51 PM,0.182,25,-60
12/14/2020  3:59:34 PM,0.061,25,-62.5
12/14/2020  3:59:31 PM,0.173,25,-62
12/14/2020  3:59:19 PM,0.075,25,-61.5
12/14/2020  3:59:16 PM,0.177,25,-54
12/14/2020  3:59:15 PM,0.363,25,-57
12/14/2020  3:58:30 PM,0.076,25,-63
12/14/2020  3:58:28 PM,0.186,25,-62.5
12/14/2020  3:58:26 PM,0.403,25,-63.5
12/14/2020  3:58:07 PM,0.106,25,-63.5
12/14/2020  3:58:05 PM,0.22,25,-63
12/14/2020  3:58:04 PM,0.408,25,-64.5
12/14/2020  3:58:03 PM,0.781,25,-57
12/14/2020  3:58:01 PM,3.658,25,-62.5
12/14/2020  3:57:38 PM,0.105,25,-57
12/14/2020  3:57:36 PM,0.232,25,-64.5
12/14/2020  3:57:09 PM,0.075,25,-60.5
12/14/2020  3:57:07 PM,0.176,25,-66
12/14/2020  3:57:05 PM,0.701,25,-64.5
12/14/2020  3:57:03 PM,0.381,25,-65
12/14/2020  3:57:02 PM,0.832,25,-62
12/14/2020  3:57:01 PM,2.148,25,-59
12/14/2020  3:57:00 PM,0.268,25,-63.5
12/14/2020  3:56:51 PM,0.125,25,-62.5
12/14/2020  3:56:49 PM,0.233,25,-59.5
12/14/2020  3:56:48 PM,0.358,25,-62
12/14/2020  3:56:46 PM,0.573,25,-64
12/14/2020  3:56:45 PM,1.288,25,-59
12/14/2020  3:56:39 PM,0.122,25,-61.5
12/14/2020  3:56:36 PM,0.255,25,-62
12/14/2020  3:56:35 PM,0.636,25,-64.5
12/14/2020  3:56:29 PM,0.091,25,-65
12/14/2020  3:56:26 PM,0.206,25,-63.5
12/14/2020  3:55:29 PM,0.075,25,-62
12/14/2020  3:55:26 PM,0.21,25,-63.5
12/14/2020  3:55:11 PM,0.123,25,-59.5
12/14/2020  3:54:23 PM,0.07,25,-61
12/14/2020  3:54:19 PM,0.173,25,-67
12/14/2020  3:54:17 PM,0.046,25,-60.5
12/14/2020  3:54:14 PM,0.156,25,-61
12/14/2020  3:54:13 PM,0.277,25,-61
12/14/2020  3:54:12 PM,0.426,25,-63.5
12/14/2020  3:54:08 PM,0.093,25,-58.5
12/14/2020  3:54:06 PM,0.377,25,-61.5
12/14/2020  3:53:54 PM,0.138,25,-64.5
12/14/2020  3:53:52 PM,0.29,25,-64
12/14/2020  3:53:50 PM,0.635,25,-64.5
12/14/2020  3:53:47 PM,0.028,25,-64
12/14/2020  3:53:34 PM,0.13,25,-64.5
12/14/2020  3:53:32 PM,0.265,25,-66
12/14/2020  3:53:19 PM,0.138,25,-63
12/14/2020  3:53:16 PM,0.253,25,-61
12/14/2020  3:53:15 PM,0.663,25,-63.5
12/14/2020  3:53:12 PM,0.051,25,-57
12/14/2020  3:53:06 PM,0.156,25,-62
12/14/2020  3:53:04 PM,0.418,25,-64.5
12/14/2020  3:53:03 PM,0.976,25,-63.5
12/14/2020  3:53:01 PM,1.745,25,-63
12/14/2020  3:52:53 PM,0.056,25,-55
12/14/2020  3:52:50 PM,0.178,25,-78
12/14/2020  3:52:48 PM,0.471,25,-70
12/14/2020  3:52:35 PM,0.073,25,-63
12/14/2020  3:52:31 PM,0.186,25,-63.5
12/14/2020  3:52:30 PM,0.477,25,-62
12/14/2020  3:52:28 PM,0.172,25,-65.5
12/14/2020  3:52:19 PM,0.057,25,-60
12/14/2020  3:52:16 PM,0.196,25,-63.5
12/14/2020  3:52:02 PM,0.092,25,-63
12/14/2020  3:52:00 PM,0.276,25,-57.5
12/14/2020  3:51:53 PM,0.153,25,-62.5
12/14/2020  3:51:23 PM,0.116,25,-61.5
12/14/2020  3:51:19 PM,0.247,25,-61
12/14/2020  3:51:18 PM,0.581,25,-62.5
12/14/2020  3:51:13 PM,0.191,25,-57
12/14/2020  3:51:07 PM,0.078,25,-61.5
12/14/2020  3:51:02 PM,0.19,25,-63.5
12/14/2020  3:50:55 PM,0.083,25,-63.5
12/14/2020  3:50:54 PM,0.203,25,-63.5
12/14/2020  3:50:36 PM,0.081,25,-62.5
12/14/2020  3:50:34 PM,0.183,25,-63.5
12/14/2020  3:50:12 PM,0.075,25,-64
12/14/2020  3:50:10 PM,0.178,25,-61
12/14/2020  3:50:02 PM,0.051,25,-64
12/14/2020  3:49:59 PM,0.163,25,-63.5
12/14/2020  3:49:58 PM,0.278,25,-61
12/14/2020  3:49:57 PM,0.535,25,-63.5
12/14/2020  3:49:53 PM,0.226,25,-63
12/14/2020  3:49:36 PM,0.063,25,-65
12/14/2020  3:49:33 PM,0.181,25,-61.5
12/14/2020  3:49:32 PM,0.317,25,-61.5
12/14/2020  3:49:31 PM,0.783,25,-63
12/14/2020  3:49:30 PM,1.743,25,-62.5
12/14/2020  3:49:24 PM,0.102,25,-66
12/14/2020  3:49:21 PM,0.218,25,-63
12/14/2020  3:49:20 PM,0.385,25,-63
12/14/2020  3:49:01 PM,0.132,25,-63
12/14/2020  3:48:57 PM,0.148,25,-64
12/14/2020  3:48:56 PM,0.29,25,-62.5
12/14/2020  3:48:54 PM,0.255,25,-65.5
12/14/2020  3:48:24 PM,0.063,25,-64
12/14/2020  3:48:22 PM,0.193,25,-59.5
12/14/2020  3:48:21 PM,0.367,25,-61.5
12/14/2020  3:48:10 PM,0.12,25,-63
12/14/2020  3:48:09 PM,0.236,25,-63.5
12/14/2020  3:47:41 PM,0.061,25,-63
12/14/2020  3:47:36 PM,0.18,25,-65
12/14/2020  3:47:35 PM,0.403,25,-61.5
12/14/2020  3:47:34 PM,0.296,25,-65
12/14/2020  3:47:33 PM,0.545,25,-58
12/14/2020  3:46:50 PM,0.128,25,-62
12/14/2020  3:46:49 PM,0.262,25,-63
12/14/2020  3:46:44 PM,0.096,25,-59.5
12/14/2020  3:46:42 PM,0.21,25,-59.5
12/14/2020  3:46:41 PM,0.43,25,-62.5
12/14/2020  3:46:32 PM,0.066,25,-64
12/14/2020  3:46:29 PM,0.222,25,-62
12/14/2020  3:46:28 PM,0.333,25,-65
12/14/2020  3:46:27 PM,0.44,25,-64.5
12/14/2020  3:46:25 PM,1.002,25,-55
12/14/2020  3:46:24 PM,2.002,25,-62.5
12/14/2020  3:46:20 PM,0.066,25,-64
12/14/2020  3:46:16 PM,0.183,25,-64.5
12/14/2020  3:45:21 PM,0.035,25,-60.5
12/14/2020  3:43:21 PM,0.031,25,-63.5
12/14/2020  3:41:21 PM,0.032,25,-63.5
12/14/2020  3:39:21 PM,0.042,25,-62.5
12/14/2020  3:37:20 PM,0.04,25,-64.5
12/14/2020  3:35:20 PM,0.042,25,-64
12/14/2020  3:33:20 PM,0.041,25,-57
12/14/2020  3:31:20 PM,0.03,25,-58.5
12/14/2020  3:29:20 PM,0.051,25,-62.5
12/14/2020  3:27:19 PM,0.045,25,-63.5
12/14/2020  3:25:19 PM,0.047,25,-64
12/14/2020  3:23:19 PM,0.038,25,-57.5
12/14/2020  3:21:19 PM,0.07,25,-64
12/14/2020  3:21:17 PM,0.197,25,-59
12/14/2020  3:21:16 PM,0.387,25,-65
12/14/2020  3:21:14 PM,0.318,25,-61
12/14/2020  3:21:12 PM,0.065,25,-57.5
12/14/2020  3:21:08 PM,0.167,25,-64
12/14/2020  3:20:44 PM,0.057,25,-64
12/14/2020  3:20:41 PM,0.163,25,-60.5
12/14/2020  3:20:37 PM,0.023,25,-62
12/14/2020  3:20:27 PM,0.131,25,-65
12/14/2020  3:20:25 PM,0.238,25,-63.5
12/14/2020  3:20:11 PM,0.038,25,-64.5
12/14/2020  3:20:02 PM,0.143,25,-63.5
12/14/2020  3:20:01 PM,0.263,25,-60
12/14/2020  3:19:58 PM,0.135,25,-63.5
12/14/2020  3:19:57 PM,0.361,25,-63
12/14/2020  3:19:55 PM,0.247,25,-65
12/14/2020  3:19:52 PM,0.083,25,-64
12/14/2020  3:19:50 PM,0.192,25,-65
12/14/2020  3:19:49 PM,0.603,25,-63.5
12/14/2020  3:19:43 PM,0.037,25,-61
12/14/2020  3:19:35 PM,0.146,25,-58.5
12/14/2020  3:19:34 PM,0.292,25,-64
12/14/2020  3:18:18 PM,0.102,25,-64
12/14/2020  3:18:12 PM,0.075,25,-57.5
12/14/2020  3:18:10 PM,0.195,25,-63.5
12/14/2020  3:18:09 PM,0.315,25,-58
12/14/2020  3:18:03 PM,0.082,25,-58.5
12/14/2020  3:18:01 PM,0.183,25,-64
12/14/2020  3:18:00 PM,0.291,25,-64
12/14/2020  3:17:57 PM,0.035,25,-56.5
12/14/2020  3:17:52 PM,0.153,25,-64.5
12/14/2020  3:17:51 PM,0.27,25,-60
12/14/2020  3:17:50 PM,0.806,25,-63
12/14/2020  3:17:45 PM,0.08,25,-57.5
12/14/2020  3:17:42 PM,0.187,25,-58
12/14/2020  3:17:41 PM,0.407,25,-54